AREA,PERIMETER,UNIQUEID,SCHEDULERE,SURVEYORCO,WATERSEDGE,ZONETYPE,ZONESUBTYP,CLAUSE,SURVEYDATE,FTYPE_CODE,WATERWAY_I,SCHEDULE_T,DISPLAY_HE,DISPLAY_TE,CONDITIONA,CONDITIO_1,CREATION_T,DISPLAY_RE,DISPLAY_IC,ZONEID,SURVEYORNA,Shape_Leng,Shape_Area,longitude,latitude
1.97E-06,0.006145756,Boga Lake,74,Geomatic Technologies,VicMap,Access Lane - Water Skiing,Not Applicable,5,23/12/2011,,7,,Access Lane - Water Skiing,,1,,AUTO,"Refer to Schedule 074, Clause 5",SkiingPermitted.png,074-1.a (>67.500),Tad Knaggs,0.006145756,1.97E-06,143.648999,-35.432988
1.96E-06,0.006014905,Boga Lake,74,Geomatic Technologies,VicMap,Access Lane - Water Skiing,Not Applicable,5,23/12/2011,,7,,Access Lane - Water Skiing,,1,,AUTO,"Refer to Schedule 074, Clause 5",SkiingPermitted.png,074-1.b (>67.500),Tad Knaggs,0.006014904,1.96E-06,143.655094,-35.435687
2.33E-06,0.006747697,Boga Lake,74,Geomatic Technologies,VicMap,Access Lane - Water Skiing,Not Applicable,5,4/1/2012,,7,,Access Lane - Water Skiing,,1,,AUTO,"Refer to Schedule 074, Clause 5",SkiingPermitted.png,074-1.c (>67.500),Tad Knaggs,0.006747696,2.33E-06,143.638547,-35.464107
1.70E-06,0.005331949,Boga Lake,74,Geomatic Technologies,VicMap,Access Lane - Water Skiing,Not Applicable,5,23/12/2011,,7,,Access Lane - Water Skiing,,1,,AUTO,"Refer to Schedule 074, Clause 5",SkiingPermitted.png,074-1.d (>67.500),Tad Knaggs,0.00533195,1.70E-06,143.630014,-35.453967
3.61E-06,0.008793134,Boga Lake,74,Geomatic Technologies,VicMap,Access Lane - Water Skiing,Not Applicable,5,3/1/2012,,7,,Access Lane - Water Skiing,,1,,AUTO,"Refer to Schedule 074, Clause 5",SkiingPermitted.png,074-1.e (>67.500),Tad Knaggs,0.008793134,3.61E-06,143.628518,-35.446054
1.24E-06,0.005634724,Bolac Lake,40,Geomatic Technologies,VicMap,Access Lane - Water Skiing,Not Applicable,5,17/06/2011,,77,,Access Lane - Water Skiing,,0,,,"Refer to Schedule 040, Clause 5",SkiingPermitted.png,040-1.a,Tad Knaggs,0.005634723,1.24E-06,142.842771,-37.745255
2.02E-06,0.008380623,Bolac Lake,40,Geomatic Technologies,VicMap,Access Lane - Water Skiing,Not Applicable,5,17/06/2011,,77,,Access Lane - Water Skiing,,0,,,"Refer to Schedule 040, Clause 5",SkiingPermitted.png,040-1.d,Tad Knaggs,0.008380624,2.02E-06,142.843468,-37.720917
3.45E-06,0.013824267,Bolac Lake,40,Geomatic Technologies,VicMap,Access Lane - Water Skiing,Not Applicable,5,17/06/2011,,77,,Access Lane - Water Skiing,,0,,,"Refer to Schedule 040, Clause 5",SkiingPermitted.png,040-1.b,Tad Knaggs,0.013824267,3.45E-06,142.86402,-37.747235
1.32E-06,0.005343208,Bolac Lake,40,Geomatic Technologies,VicMap,Access Lane - Water Skiing,Not Applicable,5,17/06/2011,,77,,Access Lane - Water Skiing,,0,,,"Refer to Schedule 040, Clause 5",SkiingPermitted.png,040-1.c,Tad Knaggs,0.005343208,1.32E-06,142.878115,-37.721622
7.74E-08,0.001258711,Bridgewater Lakes,134,Geomatic Technologies,VicMap,Access Lane - Water Skiing,Not Applicable,5,29/11/2011,,9,,Access Lane - Water Skiing,,0,,AUTO,"Refer to Schedule 134, Clause 5",SkiingPermitted.png,134-2.a,Tad Knaggs,0.001258711,7.74E-08,141.404813,-38.319262
6.89E-08,0.001074874,Bridgewater Lakes,134,Geomatic Technologies,VicMap,Access Lane - Water Skiing,Not Applicable,5,29/11/2011,,9,,Access Lane - Water Skiing,,0,,AUTO,"Refer to Schedule 134, Clause 5",SkiingPermitted.png,134-2.b,Tad Knaggs,0.001074872,6.89E-08,141.399393,-38.30572
9.87E-07,0.00467149,Buffalo Lake,96,Geomatic Technologies,VicMap,Access Lane - Water Skiing,Not Applicable,5,29/07/2011,,10,,Access Lane - Water Skiing,,0,,AUTO,"Refer to Schedule 096, Clause 5",SkiingPermitted.png,096-1.a,Tad Knaggs,0.00467149,9.87E-07,146.663335,-36.719882
6.16E-07,0.003354987,Buffalo Lake,96,Geomatic Technologies,VicMap,Access Lane - Water Skiing,Not Applicable,5,29/07/2011,,10,,Access Lane - Water Skiing,,0,,AUTO,"Refer to Schedule 096, Clause 5",SkiingPermitted.png,096-1.b,Tad Knaggs,0.003354987,6.16E-07,146.656656,-36.725742
3.81E-07,0.002601924,Bullen Merri Lake,116,Geomatic Technologies,VicMap,Access Lane - Water Skiing,Not Applicable,5,26/05/2011,,11,,Access Lane - Water Skiing,,0,,AUTO,"Refer to Schedule 116, Clause 5",SkiingPermitted.png,116-3,Tad Knaggs,0.002601925,3.81E-07,143.094391,-38.259694
1.98E-06,0.006179598,Burrumbeet Lake,43,Geomatic Technologies,VicMap,Access Lane - Water Skiing,Not Applicable,5,16/03/2012,,12,,Access Lane - Water Skiing,,0,,AUTO,"Refer to Schedule 043, Clause 5",SkiingPermitted.png,043-2.a,Tad Knaggs,0.006179598,1.98E-06,143.650845,-37.531023
1.48E-06,0.00507895,Burrumbeet Lake,43,Geomatic Technologies,VicMap,Access Lane - Water Skiing,Not Applicable,5,8/3/2012,,12,,Access Lane - Water Skiing,,0,,AUTO,"Refer to Schedule 043, Clause 5",SkiingPermitted.png,043-2.b,Tad Knaggs,0.00507895,1.48E-06,143.640375,-37.532463
7.27E-06,0.018650633,Burrumbeet Lake,43,Geomatic Technologies,VicMap,Access Lane - Water Skiing,Not Applicable,5,16/03/2012,,12,,Access Lane - Water Skiing,,0,,AUTO,"Refer to Schedule 043, Clause 5",SkiingPermitted.png,043-2.c,Tad Knaggs,0.018650633,7.27E-06,143.632644,-37.531737
5.67E-07,0.00390817,Curdies River,24,Geomatic Technologies,VicMap Modified,No Wash,Not Applicable,11,29/05/2009,,17,,No Wash,,0,,AUTO,"Refer to Schedule 024, Clause 11",NA.png,024-3,Brad Griffiths,0.00390817,5.67E-07,142.834625,-38.518788
5.39E-07,0.004473797,Green Hill Lake,54,Geomatic Technologies,VicMap,Access Lane - Water Skiing,Not Applicable,5,1/12/2011,,25,,Access Lane - Water Skiing,,0,,AUTO,"Refer to Schedule 054, Clause 5",SkiingPermitted.png,054-1,Tad Knaggs,0.004473798,5.39E-07,142.977022,-37.295781
7.38E-07,0.003808684,Gunbower Creek,73,Geomatic Technologies,VicMap Modified,Access Lane - Water Skiing,Not Applicable,5,16/12/2011,,26,,Access Lane - Water Skiing,,0,,AUTO,"Refer to Schedule 073, Clause 5",SkiingPermitted.png,073-2,Tad Knaggs,0.003808684,7.38E-07,144.252108,-35.807029
2.01E-07,0.001947121,Hamilton Lake,38,Geomatic Technologies,VicMap,Access Lane - Water Skiing,Not Applicable,5,3/5/2012,,27,,Access Lane - Water Skiing,,0,,AUTO,"Refer to Schedule 038, Clause 5",SkiingPermitted.png,038-4.a,Tad Knaggs,0.001947121,2.01E-07,142.039779,-37.733434
1.47E-07,0.001584818,Hamilton Lake,38,Geomatic Technologies,VicMap,Access Lane - Water Skiing,Not Applicable,5,3/5/2012,,27,,Access Lane - Water Skiing,,0,,AUTO,"Refer to Schedule 038, Clause 5",SkiingPermitted.png,038-4.b,Tad Knaggs,0.001584818,1.47E-07,142.037475,-37.73477
2.95E-07,0.002271165,Kangaroo Lake,140,Geomatic Technologies,VicMap,Access Lane - Water Skiing,Not Applicable,5,11/7/2011,,30,,Access Lane - Water Skiing,,0,,AUTO,"Refer to Schedule 140, Clause 5",SkiingPermitted.png,140-1.a,Tad Knaggs,0.002271164,2.95E-07,143.76792,-35.554551
3.76E-07,0.002568838,Kangaroo Lake,140,Geomatic Technologies,VicMap,Access Lane - Water Skiing,Not Applicable,5,11/7/2011,,30,,Access Lane - Water Skiing,,0,,AUTO,"Refer to Schedule 140, Clause 5",SkiingPermitted.png,140-1.b,Tad Knaggs,0.002568837,3.76E-07,143.767371,-35.554613
7.22E-07,0.003853655,Kangaroo Lake,140,Geomatic Technologies,VicMap,Access Lane - Water Skiing,Not Applicable,5,11/7/2011,,30,,Access Lane - Water Skiing,,0,,AUTO,"Refer to Schedule 140, Clause 5",SkiingPermitted.png,140-1.c,Tad Knaggs,0.003853656,7.22E-07,143.766477,-35.590244
2.66E-07,0.002085228,Kangaroo Lake,140,Geomatic Technologies,VicMap,Access Lane - Water Skiing,Not Applicable,5,11/7/2011,,30,,Access Lane - Water Skiing,,0,,AUTO,"Refer to Schedule 140, Clause 5",SkiingPermitted.png,140-1.d,Tad Knaggs,0.002085229,2.66E-07,143.766752,-35.594188
2.36E-07,0.002282316,Laanecoorie,65,Geomatic Technologies,VicMap,Access Lane - Water Skiing,Not Applicable,5,25/07/2011,,32,,Access Lane - Water Skiing,,1,,AUTO,"Refer to Schedule 065, Clause 5",SkiingPermitted.png,065-1 (>31.5%),Tad Knaggs,0.002282316,2.36E-07,143.887268,-36.835573
2.47E-07,0.002003861,Lake Charm,139,Geomatic Technologies,VicMap,Access Lane - Water Skiing,Not Applicable,5,21/07/2011,,34,,Access Lane - Water Skiing,,0,,AUTO,"Refer to Schedule 139, Clause 5",SkiingPermitted.png,139-1.a,Tad Knaggs,0.002003861,2.47E-07,143.813909,-35.601544
2.47E-07,0.002015775,Lake Charm,139,Geomatic Technologies,VicMap,Access Lane - Water Skiing,Not Applicable,5,21/07/2011,,34,,Access Lane - Water Skiing,,0,,AUTO,"Refer to Schedule 139, Clause 5",SkiingPermitted.png,139-1.b,Tad Knaggs,0.002015775,2.47E-07,143.812669,-35.609199
3.68E-07,0.002442933,Lake Charm,139,Geomatic Technologies,VicMap,Access Lane - Water Skiing,Not Applicable,5,21/07/2011,,34,,Access Lane - Water Skiing,,0,,AUTO,"Refer to Schedule 139, Clause 5",SkiingPermitted.png,139-1.c,Tad Knaggs,0.002442933,3.68E-07,143.813681,-35.607716
1.75E-05,0.022491101,Lake Eildon,90,Geomatic Technologies,VicMap Modified,No Wash,Not Applicable,11,4/5/2009,,37,,No Wash,,0,,AUTO,"Refer to Schedule 090, Clause 11",NA.png,090-4.c,Brad Griffiths,0.022491102,1.75E-05,145.923243,-37.218464
6.25E-06,0.010499167,Lake Hume,95,Geomatic Technologies,VicMap Modified,Access Lane - Water Skiing,Not Applicable,5,12/5/2008,,41,,Access Lane - Water Skiing,,1,,AUTO,"Refer to Schedule 095, Clause 5",SkiingPermitted.png,095-1_(>10%),Jamie Portman,0.010499165,6.25E-06,147.05109,-36.090146
2.11E-06,0.007936205,Learmonth Lake,64,Geomatic Technologies,VicMap,Access Lane - Water Skiing,Not Applicable,5,27/02/2012,,46,,Access Lane - Water Skiing,,0,,AUTO,"Refer to Schedule 064, Clause 5",SkiingPermitted.png,064-1.a,Tad Knaggs,0.007936205,2.11E-06,143.705592,-37.421925
3.39E-06,0.010562011,Learmonth Lake,64,Geomatic Technologies,VicMap,Access Lane - Water Skiing,Not Applicable,5,21/05/2012,,46,,Access Lane - Water Skiing,,0,,AUTO,"Refer to Schedule 064, Clause 5",SkiingPermitted.png,064-1.b,Tad Knaggs,0.01056201,3.39E-06,143.723396,-37.431187
1.75E-06,0.006571718,Learmonth Lake,64,Geomatic Technologies,VicMap,Access Lane - Water Skiing,Not Applicable,5,27/02/2012,,46,,Access Lane - Water Skiing,,0,,AUTO,"Refer to Schedule 064, Clause 5",SkiingPermitted.png,064-1.c,Tad Knaggs,0.006571718,1.75E-06,143.695922,-37.444936
1.64E-06,0.007019787,Rocklands Reservoir,44,Geomatic Technologies,VicMap,Access Lane - Water Skiing,Not Applicable,5,10/5/2012,,61,,Access Lane - Water Skiing,,0,,AUTO,"Refer to Schedule 044, Clause 5",SkiingPermitted.png,044-1.a,Tad Knaggs,0.007019786,1.64E-06,141.965157,-37.230951
1.19E-06,0.005431199,Rocklands Reservoir,44,Geomatic Technologies,VicMap,Access Lane - Water Skiing,Not Applicable,5,10/5/2012,,61,,Access Lane - Water Skiing,,0,,AUTO,"Refer to Schedule 044, Clause 5",SkiingPermitted.png,044-1.b,Tad Knaggs,0.005431198,1.19E-06,141.97293,-37.231983
7.21E-06,0.0113527,Waranga Basin,85,Geomatic Technologies,VicMap,Access Lane - Water Skiing,Not Applicable,5,21/11/2011,,71,,Access Lane - Water Skiing,,1,,AUTO,"Refer to Schedule 085, Clause 5",SkiingPermitted.png,085-1.a (>114.38),Tad Knaggs,0.011352701,7.21E-06,145.042101,-36.55447
2.30E-06,0.006434131,Waranga Basin,85,Geomatic Technologies,VicMap,Access Lane - Water Skiing,Not Applicable,5,21/11/2011,,71,,Access Lane - Water Skiing,,1,,AUTO,"Refer to Schedule 085, Clause 5",SkiingPermitted.png,085-1.b (>114.38),Tad Knaggs,0.006434132,2.30E-06,145.075117,-36.578854
5.27E-06,0.00958483,Waranga Basin,85,Geomatic Technologies,VicMap,Access Lane - Water Skiing,Not Applicable,5,21/11/2011,,71,,Access Lane - Water Skiing,,1,,AUTO,"Refer to Schedule 085, Clause 5",SkiingPermitted.png,085-1.c (>114.38),Tad Knaggs,0.00958483,5.27E-06,145.082143,-36.527168
1.86E-05,0.022587574,Waranga Basin,85,Geomatic Technologies,VicMap,Access Lane - Water Skiing,Not Applicable,5,21/11/2011,,71,,Access Lane - Water Skiing,,1,,AUTO,"Refer to Schedule 085, Clause 5",SkiingPermitted.png,085-1.d (>114.38),Tad Knaggs,0.022587575,1.86E-05,145.077737,-36.578328
3.39E-06,0.007504553,Waranga Basin,85,Geomatic Technologies,VicMap,Access Lane - Water Skiing,Not Applicable,5,21/11/2011,,71,,Access Lane - Water Skiing,,1,,AUTO,"Refer to Schedule 085, Clause 5",SkiingPermitted.png,085-1.e (>114.38),Tad Knaggs,0.007504553,3.39E-06,145.110673,-36.574668
1.41E-06,0.004912984,Western Port,5,Geomatic Technologies,VicMap Modified,Access Lane - Water Skiing,Not Applicable,5,16/04/2008,,72,,Access Lane - Water Skiing,,0,,AUTO,"Refer to Schedule 005, Clause 5",SkiingPermitted.png,005-2.a,Jamie Portman,0.004912982,1.41E-06,145.257246,-38.449502
1.01E-06,0.00469644,Western Port,5,Geomatic Technologies,VicMap Modified,Access Lane - Water Skiing,Not Applicable,5,16/04/2008,,72,,Access Lane - Water Skiing,,0,,AUTO,"Refer to Schedule 005, Clause 5",SkiingPermitted.png,005-2.b,Jamie Portman,0.004696439,1.01E-06,145.195622,-38.455349
4.32E-05,0.160367223,Wimmera River Horsham,69,Geomatic Technologies,VicMap Modified,No Wash,Not Applicable,11,14/12/2009,,73,,No Wash,,0,,AUTO,"Refer to Schedule 069, Clause 11",NA.png,069-3,Jamie Portman,0.160367221,4.32E-05,142.222528,-36.708287
2.12E-06,0.006039084,Port Phillip,1,Geomatic Technologies,VicMap,Access Lane - Water Skiing,Not Applicable,5,17/10/2014,,78,,Access Lane - Water Skiing,,0,,AUTO,"Refer to Schedule 001, Clause 5",SkiingPermitted.png,001-2.5.a,Tad Knaggs,0.006039083,2.12E-06,145.052823,-37.987022
5.58E-06,0.011912942,Port Phillip,1,Geomatic Technologies,VicMap,Access Lane - Water Skiing,Not Applicable,5,31/01/2014,,78,,Access Lane - Water Skiing,,0,,AUTO,"Refer to Schedule 001, Clause 5",SkiingPermitted.png,001-3.5.a,Tad Knaggs,0.011912942,5.58E-06,144.943582,-38.339307
3.21E-06,0.007198318,Port Phillip,1,Geomatic Technologies,VicMap,Access Lane - Water Skiing,Not Applicable,5,19/04/2012,,78,,Access Lane - Water Skiing,,0,,AUTO,"Refer to Schedule 001, Clause 5",SkiingPermitted.png,001-2.l,Tad Knaggs,0.007198317,3.21E-06,144.703343,-38.127543
3.13E-06,0.007314948,Port Phillip,1,Geomatic Technologies,VicMap,Access Lane - Water Skiing,Not Applicable,5,19/04/2012,,78,,Access Lane - Water Skiing,,0,,AUTO,"Refer to Schedule 001, Clause 5",SkiingPermitted.png,001-2.m,Tad Knaggs,0.007314948,3.13E-06,144.717844,-38.161521
9.70E-07,0.004252485,Pykes Creek Reservoir,41,Geomatic Technologies,VicMap,Access Lane - Water Skiing,Not Applicable,5,9/11/2011,,60,,Access Lane - Water Skiing,,1,,,"Refer to Schedule 041, Clause 5",SkiingPermitted.png,041-1.a (>30%),Tad Knaggs,0.004252485,9.70E-07,144.30287,-37.605075
3.74E-07,0.00249957,Pykes Creek Reservoir,41,Geomatic Technologies,VicMap,Access Lane - Water Skiing,Not Applicable,5,9/11/2011,,60,,Access Lane - Water Skiing,,1,,,"Refer to Schedule 041, Clause 5",SkiingPermitted.png,041-1.b (>30%),Tad Knaggs,0.00249957,3.74E-07,144.303545,-37.603861
2.02E-06,0.007791144,Cairn Curran,52,Geomatic Technologies,VicMap,Access Lane - Water Skiing,Not Applicable,5,11/7/2011,,13,,Access Lane - Water Skiing,,1,,,"Refer to Schedule 052, Clause 5",SkiingPermitted.png,052-1.b (>27%),Tad Knaggs,0.007791143,2.02E-06,143.972645,-37.005073
7.64E-07,0.003663995,Cairn Curran,52,Geomatic Technologies,VicMap,Access Lane - Water Skiing,Not Applicable,5,11/7/2011,,13,,Access Lane - Water Skiing,,1,,,"Refer to Schedule 052, Clause 5",SkiingPermitted.png,052-1.c (>27%),Tad Knaggs,0.003663995,7.64E-07,144.018745,-37.071478
9.57E-07,0.004284148,Cairn Curran,52,Geomatic Technologies,VicMap,Access Lane - Water Skiing,Not Applicable,5,11/7/2011,,13,,Access Lane - Water Skiing,,1,,,"Refer to Schedule 052, Clause 5",SkiingPermitted.png,052-1.a (>27%),Tad Knaggs,0.004284148,9.57E-07,143.978546,-36.998426
0,0,Aire River,118,Geomatic Technologies,VicMap Modified,Speed Restriction,8 Knots,7,2/7/2009,,1,,Speed Restriction (8 Knots),,0,,AUTO,"Refer to Schedule 118, Clause 7",8.jpg,118-1,Jamie Portman,0.158801913,3.50E-05,143.472374,-38.779598
0,0,AndersonInlet,114,Geomatic Technologies,VicMap Modified,Speed Restriction,5 Knots,7,29/01/2010,,3,,Speed Restriction (5 Knots),,0,,AUTO,"Refer to Schedule 114, Clause 7",5.jpg,114-2.a,Jamie Portman,0.063562673,2.61E-05,145.740216,-38.636127
0,0,AndersonInlet,114,Geomatic Technologies,VicMap Modified,Speed Restriction,5 Knots,7,29/01/2010,,3,,Speed Restriction (5 Knots),,0,,AUTO,"Refer to Schedule 114, Clause 7",5.jpg,114-2.b,Jamie Portman,0.061269621,1.47E-05,145.754751,-38.635509
0,0,AndersonInlet,114,Geomatic Technologies,VicMap Modified,Speed Restriction,10 Knots,7,29/01/2010,,3,,Speed Restriction (10 Knots),,0,,AUTO,"Refer to Schedule 114, Clause 7",10.jpg,114-3,Jamie Portman,0.504862855,0.002199012,145.750637,-38.648403
0,0,Anglesea River,13,Geomatic Technologies,VicMap Modified,Speed Restriction,5 Knots,7,11/5/2009,,4,,Speed Restriction (5 Knots),,0,,AUTO,"Refer to Schedule 013, Clause 7",5.jpg,013-1,Jamie Portman,0.066474268,7.47E-06,144.184229,-38.396609
0,0,Barwon River,7,Geomatic Technologies,VicMap Modified,Speed Restriction,35 Knots,7,18/02/2009,,5,,Speed Restriction (35 Knots),,0,,AUTO,"Refer to Schedule 007, Clause 7",35.jpg,007-3,Brad Griffiths,0.000918375,1.20E-10,144.293907,-38.154829
0,0,Barwon River Lake Connewarre,131,Geomatic Technologies,VicMap Modified,Speed Restriction,5 Knots,7,23/11/2009,,8,,Speed Restriction (5 Knots),,0,,,"Refer to Schedule 131, Clause 7",5.jpg,131-1,Jamie Portman,0.746463354,0.002432387,144.49089,-38.261292
0,0,Bass Strait,11,Geomatic Technologies,VicMap,Speed Restriction,5 Knots,7,12/5/2009,,6,,Speed Restriction (5 Knots),,0,,AUTO,"Refer to Schedule 011, Clause 7",5.jpg,011-1,Brad Griffiths,0.086954537,7.62E-05,144.330519,-38.327899
0,0,Boga Lake,74,Geomatic Technologies,VicMap,Speed Restriction,5 Knots,7,5/1/2012,,7,,Speed Restriction (5 Knots),,1,,AUTO,"Refer to Schedule 074, Clause 7",5.jpg,074-2 (>67.500),Tad Knaggs,0.187704973,8.30E-05,143.636262,-35.462904
0,0,Bolac Lake,40,Geomatic Technologies,VicMap,Speed Restriction,5 Knots,7,17/06/2011,,77,,Speed Restriction (5 Knots),,0,,,"Refer to Schedule 040, Clause 7",5.jpg,040-2.b,Tad Knaggs,0.063572515,0.000208418,142.873631,-37.712613
0,0,Bolac Lake,40,Geomatic Technologies,VicMap,Speed Restriction,5 Knots,7,17/06/2011,,77,,Speed Restriction (5 Knots),,0,,,"Refer to Schedule 040, Clause 7",5.jpg,040-2.a,Tad Knaggs,0.230237154,6.73E-05,142.851865,-37.747276
0,0,Bridgewater Lakes,134,Geomatic Technologies,VicMap,Speed Restriction,5 Knots,7,29/11/2011,,9,,Speed Restriction (5 Knots),,0,,AUTO,"Refer to Schedule 134, Clause 7",5.jpg,134-3,Tad Knaggs,0.008463659,2.18E-06,141.405236,-38.318791
0,0,Buffalo Lake,96,Geomatic Technologies,VicMap,Speed Restriction,5 Knots,7,29/07/2011,,10,,Speed Restriction (5 Knots),,0,,AUTO,"Refer to Schedule 096, Clause 7",5.jpg,096-2.a,Tad Knaggs,0.150993858,4.27E-05,146.656418,-36.737373
0,0,Buffalo Lake,96,Geomatic Technologies,VicMap,Speed Restriction,5 Knots,7,29/07/2011,,10,,Speed Restriction (5 Knots),,0,,AUTO,"Refer to Schedule 096, Clause 7",5.jpg,096-2.b,Tad Knaggs,0.043848061,2.96E-05,146.664521,-36.729097
0,0,Buffalo Lake,96,Geomatic Technologies,VicMap,Speed Restriction,5 Knots,7,29/07/2011,,10,,Speed Restriction (5 Knots),,0,,AUTO,"Refer to Schedule 096, Clause 7",5.jpg,096-2.c,Tad Knaggs,0.013355107,7.38E-06,146.655623,-36.728007
0,0,Buffalo Lake,96,Geomatic Technologies,VicMap,Speed Restriction,5 Knots,7,29/07/2011,,10,,Speed Restriction (5 Knots),,0,,AUTO,"Refer to Schedule 096, Clause 7",5.jpg,096-2.d,Tad Knaggs,0.079028289,7.05E-05,146.65642,-36.737393
0,0,Burrumbeet Lake,43,Geomatic Technologies,VicMap,Speed Restriction,5 Knots,7,8/3/2012,,12,,Speed Restriction (5 Knots),,0,,AUTO,"Refer to Schedule 043, Clause 7",5.jpg,043-3.a,Tad Knaggs,0.071610137,7.11E-05,143.665261,-37.524476
0,0,Burrumbeet Lake,43,Geomatic Technologies,VicMap,Speed Restriction,5 Knots,7,8/3/2012,,12,,Speed Restriction (5 Knots),,0,,AUTO,"Refer to Schedule 043, Clause 7",5.jpg,043-3.b,Tad Knaggs,0.017413936,1.75E-05,143.666332,-37.495548
0,0,Burrumbeet Lake,43,Geomatic Technologies,VicMap,Speed Restriction,5 Knots,7,15/03/2012,,12,,Speed Restriction (5 Knots),,0,,AUTO,"Refer to Schedule 043, Clause 7",5.jpg,043-3.c,Tad Knaggs,0.007515686,2.73E-06,143.668319,-37.491268
0,0,Burrumbeet Lake,43,Geomatic Technologies,VicMap,Speed Restriction,5 Knots,7,15/03/2012,,12,,Speed Restriction (5 Knots),,0,,AUTO,"Refer to Schedule 043, Clause 7",5.jpg,043-3.d,Tad Knaggs,0.00548174,1.31E-06,143.668447,-37.489983
0,0,Burrumbeet Lake,43,Geomatic Technologies,VicMap,Speed Restriction,5 Knots,7,15/03/2012,,12,,Speed Restriction (5 Knots),,0,,AUTO,"Refer to Schedule 043, Clause 7",5.jpg,043-3.e,Tad Knaggs,0.028258877,3.95E-05,143.665571,-37.480445
0,0,Burrumbeet Lake,43,Geomatic Technologies,VicMap,Speed Restriction,5 Knots,7,8/3/2012,,12,,Speed Restriction (5 Knots),,0,,AUTO,"Refer to Schedule 043, Clause 7",5.jpg,043-3.f,Tad Knaggs,0.025789521,3.46E-06,143.665056,-37.480461
0,0,Burrumbeet Lake,43,Geomatic Technologies,VicMap,Speed Restriction,5 Knots,7,15/03/2012,,12,,Speed Restriction (5 Knots),,0,,AUTO,"Refer to Schedule 043, Clause 7",5.jpg,043-3.g,Tad Knaggs,0.03412674,4.85E-06,143.649802,-37.475845
0,0,Burrumbeet Lake,43,Geomatic Technologies,VicMap,Speed Restriction,5 Knots,7,8/3/2012,,12,,Speed Restriction (5 Knots),,0,,AUTO,"Refer to Schedule 043, Clause 7",5.jpg,043-3.h,Tad Knaggs,0.03267378,7.35E-05,143.629028,-37.481938
0,0,Burrumbeet Lake,43,Geomatic Technologies,VicMap,Speed Restriction,5 Knots,7,8/3/2012,,12,,Speed Restriction (5 Knots),,0,,AUTO,"Refer to Schedule 043, Clause 7",5.jpg,043-3.i,Tad Knaggs,0.013463962,8.61E-06,143.630918,-37.482163
0,0,Burrumbeet Lake,43,Geomatic Technologies,VicMap,Speed Restriction,5 Knots,7,16/03/2012,,12,,Speed Restriction (5 Knots),,0,,AUTO,"Refer to Schedule 043, Clause 7",5.jpg,043-3.j,Tad Knaggs,0.032788533,2.74E-05,143.656974,-37.530711
0,0,Burrumbeet Lake,43,Geomatic Technologies,VicMap,Speed Restriction,5 Knots,7,8/3/2012,,12,,Speed Restriction (5 Knots),,0,,AUTO,"Refer to Schedule 043, Clause 7",5.jpg,043-3.k,Tad Knaggs,0.005157504,1.51E-06,143.650853,-37.531473
0,0,Burrumbeet Lake,43,Geomatic Technologies,VicMap,Speed Restriction,5 Knots,7,8/3/2012,,12,,Speed Restriction (5 Knots),,0,,AUTO,"Refer to Schedule 043, Clause 7",5.jpg,043-3.l,Tad Knaggs,0.008522925,3.03E-06,143.645397,-37.531908
0,0,Burrumbeet Lake,43,Geomatic Technologies,VicMap,Speed Restriction,5 Knots,7,30/03/2012,,12,,Speed Restriction (5 Knots),,0,,AUTO,"Refer to Schedule 043, Clause 7",5.jpg,043-3.m,Tad Knaggs,0.014093816,5.52E-06,143.640399,-37.532466
0,0,Burrumbeet Lake,43,Geomatic Technologies,VicMap,Speed Restriction,5 Knots,7,16/03/2012,,12,,Speed Restriction (5 Knots),,0,,AUTO,"Refer to Schedule 043, Clause 7",5.jpg,043-3.n,Tad Knaggs,0.001612177,1.41E-07,143.630506,-37.530982
0,0,Burrumbeet Lake,43,Geomatic Technologies,VicMap,Speed Restriction,5 Knots,7,16/03/2012,,12,,Speed Restriction (5 Knots),,0,,AUTO,"Refer to Schedule 043, Clause 7",5.jpg,043-3.o,Tad Knaggs,0.001657258,1.47E-07,143.62782,-37.529837
0,0,Burrumbeet Lake,43,Geomatic Technologies,VicMap,Speed Restriction,5 Knots,7,30/03/2012,,12,,Speed Restriction (5 Knots),,0,,AUTO,"Refer to Schedule 043, Clause 7",5.jpg,043-3.p,Tad Knaggs,0.026464817,1.28E-05,143.624362,-37.518654
0,0,Burrumbeet Lake,43,Geomatic Technologies,VicMap,Speed Restriction,5 Knots,7,30/03/2012,,12,,Speed Restriction (5 Knots),,0,,AUTO,"Refer to Schedule 043, Clause 7",5.jpg,043-3.q,Tad Knaggs,0.020542295,2.71E-05,143.621701,-37.496919
0,0,Burrumbeet Lake,43,Geomatic Technologies,VicMap,Speed Restriction,5 Knots,7,31/05/2012,,12,,Speed Restriction (5 Knots),,0,,AUTO,"Refer to Schedule 043, Clause 7",5.jpg,043-3.r,Tad Knaggs,0.017302377,1.38E-05,143.627331,-37.487226
0,0,Charlegrark Lake,145,Geomatic Technologies,VicMap,Speed Restriction,5 Knots,7,23/04/2012,,14,,Speed Restriction (5 Knots),,0,,AUTO,"Refer to Schedule 145, Clause 7",5.jpg,145-1,Tad Knaggs,0.027446951,5.15E-05,141.242499,-36.76925
0,0,Colac Lake,146,Geomatic Technologies,VicMap,Speed Restriction,5 Knots,7,4/3/2013,,15,,Speed Restriction (5 Knots),,0,,AUTO,"Refer to Schedule 146, Clause 7",5.jpg,146-1,Tad Knaggs,0.291992901,0.002750743,143.607915,-38.266702
0,0,Corner Inlet,132,Geomatic Technologies,Derived,Speed Restriction,20 Knots,7,19/02/2009,,16,,Speed Restriction (20 Knots),,0,,AUTO,"Refer to Schedule 132, Clause 7",20.jpg,132-1,Jamie Portman,0.11810056,0.000130228,146.446117,-38.707786
0,0,Corner Inlet,132,Geomatic Technologies,Derived,Speed Restriction,5 Knots,7,19/02/2009,,16,,Speed Restriction (5 Knots),,0,,AUTO,"Refer to Schedule 132, Clause 7",5.jpg,132-2.i,Jamie Portman,0.039681355,1.85E-05,146.446117,-38.707786
0,0,Corner Inlet,132,Geomatic Technologies,VicMap Modified,Speed Restriction,5 Knots,7,19/02/2009,,16,,Speed Restriction (5 Knots),,0,,AUTO,"Refer to Schedule 132, Clause 7",5.jpg,132-2.ii,Jamie Portman,0.022186065,2.48E-05,146.699208,-38.669245
0,0,Corner Inlet,132,Geomatic Technologies,VicMap Modified,Speed Restriction,5 Knots,7,19/02/2009,,16,,Speed Restriction (5 Knots),,0,,AUTO,"Refer to Schedule 132, Clause 7",5.jpg,132-2.iii,Jamie Portman,0.115598945,3.00E-05,146.283975,-38.683397
0,0,Curdies River,24,Geomatic Technologies,VicMap Modified,Speed Restriction,5 Knots,7,29/05/2009,,17,,Speed Restriction (5 Knots),,0,,AUTO,"Refer to Schedule 024, Clause 7",5.jpg,024-1.a.ii,Brad Griffiths,0.042420811,8.59E-06,142.862961,-38.563241
0,0,Curdies River,24,Geomatic Technologies,VicMap Modified,Speed Restriction,5 Knots,7,29/05/2009,,17,,Speed Restriction (5 Knots),,0,,AUTO,"Refer to Schedule 024, Clause 7",5.jpg,024-1.b,Brad Griffiths,0.02612323,2.32E-05,142.891975,-38.605425
0,0,Deep Lake,37,Geomatic Technologies,VicMap,Speed Restriction,15 Knots,7,18/04/2011,,18,,Speed Restriction (15 Knots),,0,,AUTO,"Refer to Schedule 037, Clause 7",15.jpg,037-1,Tad Knaggs,0.002964323,5.04E-07,143.176771,-37.930544
0,0,Gellibrand River,21,Geomatic Technologies,VicMap Modified,Speed Restriction,8 Knots,7,12/6/2009,,21,,Speed Restriction (8 Knots),,0,,AUTO,"Refer to Schedule 021, Clause 7",8.jpg,021-1,Jamie Portman,0.027136155,1.21E-05,143.159811,-38.701416
0,0,Goulburn River,88,Geomatic Technologies,VicMap,Speed Restriction,5 Knots,7,2/4/2013,,24,,Speed Restriction (5 Knots),,0,,AUTO,"Refer to Schedule 088, Clause 7",5.jpg,088-1,Tad Knaggs,3.93205802,0.00105911,145.12115,-36.907562
0,0,Green Hill Lake,54,Geomatic Technologies,VicMap,Speed Restriction,5 Knots,7,23/01/2012,,25,,Speed Restriction (5 Knots),,0,,AUTO,"Refer to Schedule 054, Clause 7",5.jpg,054-2,Tad Knaggs,0.15547005,0.000188242,142.988657,-37.277664
0,0,Gunbower Creek,73,Geomatic Technologies,VicMap Modified,Speed Restriction,5 Knots,7,16/12/2011,,26,,Speed Restriction (5 Knots),,0,,AUTO,"Refer to Schedule 073, Clause 7",5.jpg,073-3,Tad Knaggs,2.213496303,0.000481909,144.271522,-35.831392
0,0,Hamilton Lake,38,Geomatic Technologies,VicMap,Speed Restriction,5 Knots,7,3/5/2012,,27,,Speed Restriction (5 Knots),,0,,AUTO,"Refer to Schedule 038, Clause 7",5.jpg,038-1.a,Tad Knaggs,0.033397341,1.05E-05,142.045701,-37.730694
0,0,Hamilton Lake,38,Geomatic Technologies,VicMap,Speed Restriction,5 Knots,7,2/5/2012,,27,,Speed Restriction (5 Knots),,0,,AUTO,"Refer to Schedule 038, Clause 7",5.jpg,038-1.b,Tad Knaggs,0.002758733,4.21E-07,142.040663,-37.732733
0,0,Hopkins River,22,Geomatic Technologies,VicMap,Speed Restriction,5 Knots,7,25/06/2012,,29,,Speed Restriction (5 Knots),,0,,AUTO,"Refer to Schedule 022, Clause 7",5.jpg,022-2.a,Tad Knaggs,0.224955691,0.000140415,142.524326,-38.3912
0,0,Hopkins River,22,Geomatic Technologies,VicMap,Speed Restriction,5 Knots,7,25/06/2012,,29,,Speed Restriction (5 Knots),,0,,AUTO,"Refer to Schedule 022, Clause 7",5.jpg,022-2.b.i,Tad Knaggs,0.035519614,3.42E-05,142.515179,-38.392164
0,0,Hopkins River,22,Geomatic Technologies,VicMap,Speed Restriction,10 Knots,7,25/06/2012,,29,,Speed Restriction (10 Knots),,0,,AUTO,"Refer to Schedule 022, Clause 7",10.jpg,022-3,Tad Knaggs,0.155843154,0.000106157,142.529857,-38.391613
0,0,Laanecoorie,65,Geomatic Technologies,VicMap,Speed Restriction,5 Knots,7,25/07/2011,,32,,Speed Restriction (5 Knots),,1,,AUTO,"Refer to Schedule 065, Clause 7",5.jpg,065-2.b.i (>31.5%),Tad Knaggs,0.04473282,5.92E-06,143.882049,-36.839192
0,0,Laanecoorie,65,Geomatic Technologies,VicMap,Speed Restriction,5 Knots,7,25/07/2011,,32,,Speed Restriction (5 Knots),,1,,AUTO,"Refer to Schedule 065, Clause 7",5.jpg,065-2.b.ii (>31.5%),Tad Knaggs,0.051334369,2.08E-05,143.877391,-36.838775
0,0,Laanecoorie,65,Geomatic Technologies,VicMap,Speed Restriction,5 Knots,7,25/07/2011,,32,,Speed Restriction (5 Knots),,1,,AUTO,"Refer to Schedule 065, Clause 7",5.jpg,065-2.b.iii (>31.5%),Tad Knaggs,0.013705352,1.27E-05,143.881725,-36.839382
0,0,Laanecoorie,65,Geomatic Technologies,VicMap,Speed Restriction,5 Knots,7,25/07/2011,,32,,Speed Restriction (5 Knots),,1,,AUTO,"Refer to Schedule 065, Clause 7",5.jpg,065-2.b.iv (>31.5%),Tad Knaggs,0.407342292,0.000175248,143.86589,-36.831361
0,0,Lake Eildon,90,Geomatic Technologies,VicMap Modified,Speed Restriction,5 Knots,7,4/5/2009,,37,,Speed Restriction (5 Knots),,0,,AUTO,"Refer to Schedule 090, Clause 7",5.jpg,090-1.a,Brad Griffiths,0.016770783,9.40E-06,145.914493,-37.215976
0,0,Lake Eildon,90,Geomatic Technologies,VicMap Modified,Speed Restriction,5 Knots,7,4/5/2009,,37,,Speed Restriction (5 Knots),,0,,AUTO,"Refer to Schedule 090, Clause 7",5.jpg,090-1.b,Brad Griffiths,0.016126099,7.72E-06,145.909843,-37.208884
0,0,Lake Eildon,90,Geomatic Technologies,VicMap Modified,Speed Restriction,5 Knots,7,4/5/2009,,37,,Speed Restriction (5 Knots),,0,,AUTO,"Refer to Schedule 090, Clause 7",5.jpg,090-1.c,Brad Griffiths,0.041162747,4.27E-05,145.908678,-37.204989
0,0,Lake Eildon,90,Geomatic Technologies,VicMap Modified,Speed Restriction,5 Knots,7,4/5/2009,,37,,Speed Restriction (5 Knots),,0,,AUTO,"Refer to Schedule 090, Clause 7",5.jpg,090-1.d,Brad Griffiths,0.016909992,9.70E-06,145.904221,-37.201628
0,0,Lake Eildon,90,Geomatic Technologies,VicMap Modified,Speed Restriction,5 Knots,7,4/5/2009,,37,,Speed Restriction (5 Knots),,0,,AUTO,"Refer to Schedule 090, Clause 7",5.jpg,090-1.e,Brad Griffiths,0.039170566,3.61E-05,145.882921,-37.205961
0,0,Lake Eildon,90,Geomatic Technologies,VicMap Modified,Speed Restriction,5 Knots,7,4/5/2009,,37,,Speed Restriction (5 Knots),,0,,AUTO,"Refer to Schedule 090, Clause 7",5.jpg,090-1.f,Brad Griffiths,0.011124115,6.20E-06,145.878716,-37.19306
0,0,Lake Eildon,90,Geomatic Technologies,VicMap Modified,Speed Restriction,5 Knots,7,4/5/2009,,37,,Speed Restriction (5 Knots),,0,,AUTO,"Refer to Schedule 090, Clause 7",5.jpg,090-1.g,Brad Griffiths,0.015693382,4.19E-06,145.872779,-37.193173
0,0,Lake Eildon,90,Geomatic Technologies,VicMap Modified,Speed Restriction,5 Knots,7,4/5/2009,,37,,Speed Restriction (5 Knots),,0,,AUTO,"Refer to Schedule 090, Clause 7",5.jpg,090-1.h,Brad Griffiths,0.048766168,7.17E-05,145.850868,-37.171898
0,0,Lake Eildon,90,Geomatic Technologies,VicMap Modified,Speed Restriction,5 Knots,7,4/5/2009,,37,,Speed Restriction (5 Knots),,0,,AUTO,"Refer to Schedule 090, Clause 7",5.jpg,090-1.i,Brad Griffiths,0.038541866,3.48E-05,145.849759,-37.142225
0,0,Lake Eildon,90,Geomatic Technologies,VicMap Modified,Speed Restriction,5 Knots,7,4/5/2009,,37,,Speed Restriction (5 Knots),,0,,AUTO,"Refer to Schedule 090, Clause 7",5.jpg,090-1.j.i,Brad Griffiths,0.004881546,1.11E-06,145.87701,-37.03764
0,0,Lake Eildon,90,Geomatic Technologies,VicMap Modified,Speed Restriction,5 Knots,7,4/5/2009,,37,,Speed Restriction (5 Knots),,0,,AUTO,"Refer to Schedule 090, Clause 7",5.jpg,090-1.j.ii,Brad Griffiths,0.002523308,1.86E-07,145.870423,-37.03234
0,0,Lake Eildon,90,Geomatic Technologies,VicMap Modified,Speed Restriction,5 Knots,7,4/5/2009,,37,,Speed Restriction (5 Knots),,0,,AUTO,"Refer to Schedule 090, Clause 7",5.jpg,090-1.j.iii,Brad Griffiths,0.012526356,4.62E-06,145.874014,-37.027532
0,0,Lake Eildon,90,Geomatic Technologies,VicMap Modified,Speed Restriction,5 Knots,7,4/5/2009,,37,,Speed Restriction (5 Knots),,0,,AUTO,"Refer to Schedule 090, Clause 7",5.jpg,090-1.j.iv,Brad Griffiths,0.107808148,0.000141775,145.833931,-37.017918
0,0,Lake Eildon,90,Geomatic Technologies,VicMap Modified,Speed Restriction,5 Knots,7,4/5/2009,,37,,Speed Restriction (5 Knots),,0,,AUTO,"Refer to Schedule 090, Clause 7",5.jpg,090-1.j.v,Brad Griffiths,0.058455368,4.34E-05,145.903621,-37.009286
0,0,Lake Eildon,90,Geomatic Technologies,VicMap Modified,Speed Restriction,5 Knots,7,4/5/2009,,37,,Speed Restriction (5 Knots),,0,,AUTO,"Refer to Schedule 090, Clause 7",5.jpg,090-1.j.vi,Brad Griffiths,0.005897397,9.45E-07,145.880263,-37.03115
0,0,Lake Eildon,90,Geomatic Technologies,VicMap Modified,Speed Restriction,5 Knots,7,4/5/2009,,37,,Speed Restriction (5 Knots),,0,,AUTO,"Refer to Schedule 090, Clause 7",5.jpg,090-1.j.vii.a,Brad Griffiths,0.006836452,1.42E-06,145.889027,-37.04053
0,0,Lake Eildon,90,Geomatic Technologies,VicMap Modified,Speed Restriction,5 Knots,7,4/5/2009,,37,,Speed Restriction (5 Knots),,0,,AUTO,"Refer to Schedule 090, Clause 7",5.jpg,090-1.j.vii.b,Brad Griffiths,0.003724092,7.08E-07,145.887808,-37.042211
0,0,Lake Eildon,90,Geomatic Technologies,VicMap Modified,Speed Restriction,5 Knots,7,4/5/2009,,37,,Speed Restriction (5 Knots),,0,,AUTO,"Refer to Schedule 090, Clause 7",5.jpg,090-1.j.viii,Brad Griffiths,0.00553656,1.49E-06,145.884518,-37.045687
0,0,Lake Eildon,90,Geomatic Technologies,VicMap Modified,Speed Restriction,5 Knots,7,4/5/2009,,37,,Speed Restriction (5 Knots),,0,,AUTO,"Refer to Schedule 090, Clause 7",5.jpg,090-1.k,Brad Griffiths,0.082402808,0.000172944,146.023335,-37.049394
0,0,Lake Eildon,90,Geomatic Technologies,VicMap Modified,Speed Restriction,5 Knots,7,4/5/2009,,37,,Speed Restriction (5 Knots),,0,,AUTO,"Refer to Schedule 090, Clause 7",5.jpg,090-1.l,Brad Griffiths,0.147831883,0.00023186,146.001757,-37.162532
0,0,Lake Eildon,90,Geomatic Technologies,VicMap Modified,Speed Restriction,5 Knots,7,4/5/2009,,37,,Speed Restriction (5 Knots),,0,,AUTO,"Refer to Schedule 090, Clause 7",5.jpg,090-1.m,Brad Griffiths,0.044541106,3.59E-05,145.909265,-37.15933
0,0,Lake Eildon,90,Geomatic Technologies,VicMap Modified,Speed Restriction,5 Knots,7,4/5/2009,,37,,Speed Restriction (5 Knots),,0,,AUTO,"Refer to Schedule 090, Clause 7",5.jpg,090-1.ni,Brad Griffiths,0.037295884,5.15E-05,146.072588,-37.181963
0,0,Lake Eildon,90,Geomatic Technologies,VicMap Modified,Speed Restriction,5 Knots,7,4/5/2009,,37,,Speed Restriction (5 Knots),,0,,AUTO,"Refer to Schedule 090, Clause 7",5.jpg,090-1.nii,Brad Griffiths,0.009305345,3.00E-06,146.069935,-37.188169
0,0,Lake Eildon,90,Geomatic Technologies,VicMap Modified,Speed Restriction,5 Knots,7,4/5/2009,,37,,Speed Restriction (5 Knots),,0,,AUTO,"Refer to Schedule 090, Clause 7",5.jpg,090-1.o,Brad Griffiths,0.017810879,9.05E-06,146.137611,-37.213176
0,0,Lake Eildon,90,Geomatic Technologies,VicMap Modified,Speed Restriction,5 Knots,7,4/5/2009,,37,,Speed Restriction (5 Knots),,0,,AUTO,"Refer to Schedule 090, Clause 7",5.jpg,090-1.p,Brad Griffiths,0.067307168,9.72E-05,146.147844,-37.216606
0,0,Lake Eildon,90,Geomatic Technologies,VicMap Modified,Speed Restriction,5 Knots,7,4/5/2009,,37,,Speed Restriction (5 Knots),,0,,AUTO,"Refer to Schedule 090, Clause 7",5.jpg,090-1.q,Brad Griffiths,0.123562839,0.000135412,146.148386,-37.274743
0,0,Lake Eildon,90,Geomatic Technologies,VicMap Modified,Speed Restriction,5 Knots,7,4/5/2009,,37,,Speed Restriction (5 Knots),,0,,AUTO,"Refer to Schedule 090, Clause 7",5.jpg,090-1.r,Brad Griffiths,0.188393138,0.000204925,146.04422,-37.300225
0,0,Lake Eildon,90,Geomatic Technologies,VicMap Modified,Speed Restriction,5 Knots,7,4/5/2009,,37,,Speed Restriction (5 Knots),,0,,AUTO,"Refer to Schedule 090, Clause 7",5.jpg,090-1.s,Brad Griffiths,0.047948647,3.57E-05,145.97501,-37.249967
0,0,Lake Eildon,90,Geomatic Technologies,VicMap Modified,Speed Restriction,5 Knots,7,4/5/2009,,37,,Speed Restriction (5 Knots),,0,,AUTO,"Refer to Schedule 090, Clause 7",5.jpg,090-1.t,Brad Griffiths,0.088866233,9.96E-05,145.971165,-37.258993
0,0,Lake Eildon,90,Geomatic Technologies,VicMap Modified,Speed Restriction,5 Knots,7,4/5/2009,,37,,Speed Restriction (5 Knots),,0,,AUTO,"Refer to Schedule 090, Clause 7",5.jpg,090-1.u,Brad Griffiths,0.043786739,4.11E-05,145.960973,-37.245207
0,0,Lake Fyans,70,Geomatic Technologies,VicMap Modified,Speed Restriction,5 Knots,7,10/6/2009,,38,,Speed Restriction (5 Knots),,0,,AUTO,"Refer to Schedule 070, Clause 7",5.jpg,070-2.a,Jamie Portman,0.02874576,4.08E-05,142.612933,-37.142536
0,0,Lake Fyans,70,Geomatic Technologies,VicMap Modified,Speed Restriction,5 Knots,7,10/6/2009,,38,,Speed Restriction (5 Knots),,0,,AUTO,"Refer to Schedule 070, Clause 7",5.jpg,070-2.b,Jamie Portman,0.04647313,8.38E-05,142.618695,-37.144004
0,0,Lake Fyans,70,Geomatic Technologies,VicMap Modified,Speed Restriction,5 Knots,7,10/6/2009,,38,,Speed Restriction (5 Knots),,0,,AUTO,"Refer to Schedule 070, Clause 7",5.jpg,070-2.c,Jamie Portman,0.03981478,3.33E-05,142.634016,-37.132668
0,0,Lake Horden,18,Geomatic Technologies,VicMap Modified,Speed Restriction,8 Knots,7,2/7/2009,,40,,Speed Restriction (8 Knots),,0,,AUTO,"Refer to Schedule 018, Clause 7",8.jpg,018-1,Jamie Portman,0.023650448,2.21E-05,143.466825,-38.776151
0,0,Lake Hume,95,Geomatic Technologies,VicMap Modified,Speed Restriction,5 Knots,7,12/5/2008,,41,,Speed Restriction (5 Knots),,1,,AUTO,"Refer to Schedule 095, Clause 7",5.jpg,095-2.a_(>10%),Jamie Portman,0.013185421,9.72E-06,147.023476,-36.123302
0,0,Lake Hume,95,Geomatic Technologies,VicMap Modified,Speed Restriction,5 Knots,7,12/5/2008,,41,,Speed Restriction (5 Knots),,1,,AUTO,"Refer to Schedule 095, Clause 7",5.jpg,095-2.b_(>10%),Jamie Portman,0.013997017,1.05E-05,147.016726,-36.131004
0,0,Lake Hume,95,Geomatic Technologies,VicMap Modified,Speed Restriction,5 Knots,7,12/5/2008,,41,,Speed Restriction (5 Knots),,1,,AUTO,"Refer to Schedule 095, Clause 7",5.jpg,095-2.c_(>10%),Jamie Portman,0.037844134,4.17E-05,147.014823,-36.133989
0,0,Lake Hume,95,Geomatic Technologies,VicMap Modified,Speed Restriction,5 Knots,7,12/5/2008,,41,,Speed Restriction (5 Knots),,2,,AUTO,"Refer to Schedule 095, Clause 7",5.jpg,095-1.a_(<10%),Jamie Portman,0.1377364,0.000434767,147.05535,-36.087631
0,0,Lake Nillahcootie,97,Geomatic Technologies,VicMap Modified,Speed Restriction,5 Knots,7,30/11/2009,,44,,Speed Restriction (5 Knots),,0,,AUTO,"Refer to Schedule 097, Clause 7",5.jpg,097-2.a,Jamie Portman,0.035076971,1.73E-05,145.996768,-36.864324
0,0,Lake Nillahcootie,97,Geomatic Technologies,VicMap Modified,Speed Restriction,5 Knots,7,30/11/2009,,44,,Speed Restriction (5 Knots),,0,,AUTO,"Refer to Schedule 097, Clause 7",5.jpg,097-2.b,Jamie Portman,0.101287577,0.000188083,145.997969,-36.893218
0,0,Lake Nillahcootie,97,Geomatic Technologies,VicMap Modified,Speed Restriction,5 Knots,7,30/11/2009,,44,,Speed Restriction (5 Knots),,0,,AUTO,"Refer to Schedule 097, Clause 7",5.jpg,097-2.c,Jamie Portman,0.00160929,1.52E-07,146.004915,-36.857864
0,0,Lake Tchum,154,Geomatic Technologies,VicMap,Speed Restriction,5 Knots,7,12/7/2010,,45,,Speed Restriction (5 Knots),,0,,AUTO,"Refer to Schedule 154, Clause 7",5.jpg,154-2,Tad Knaggs,0.050080335,7.13E-06,143.003273,-35.995653
0,0,Learmonth Lake,64,Geomatic Technologies,VicMap,Speed Restriction,5 Knots,7,14/03/2012,,46,,Speed Restriction (5 Knots),,0,,AUTO,"Refer to Schedule 064, Clause 7",5.jpg,064-2.a,Tad Knaggs,0.010886172,4.64E-06,143.723827,-37.437092
0,0,Learmonth Lake,64,Geomatic Technologies,VicMap,Speed Restriction,5 Knots,7,27/02/2012,,46,,Speed Restriction (5 Knots),,0,,AUTO,"Refer to Schedule 064, Clause 7",5.jpg,064-2.b,Tad Knaggs,0.002052631,2.47E-07,143.708908,-37.42236
0,0,Learmonth Lake,64,Geomatic Technologies,VicMap,Speed Restriction,5 Knots,7,21/05/2012,,46,,Speed Restriction (5 Knots),,0,,AUTO,"Refer to Schedule 064, Clause 7",5.jpg,064-2.c,Tad Knaggs,0.132784504,4.45E-05,143.717236,-37.43631
0,0,Linlithgow Lake,36,Geomatic Technologies,VicMap,Speed Restriction,5 Knots,7,17/01/2012,,47,,Speed Restriction (5 Knots),,0,,AUTO,"Refer to Schedule 036, Clause 7",5.jpg,036-2,Tad Knaggs,0.00207649,1.33E-07,142.215378,-37.768756
0,0,Little Lake Boort,53,Geomatic Technologies,VicMap,Speed Restriction,5 Knots,7,19/10/2011,,48,,Speed Restriction (5 Knots),,0,,AUTO,"Refer to Schedule 053, Clause 7",5.jpg,053-2,Tad Knaggs,0.075164545,1.09E-05,143.728552,-36.117611
0,0,Loddon River,63,Geomatic Technologies,VicMap Modified,Speed Restriction,5 Knots,7,17/03/2010,,49,,Speed Restriction (5 Knots),,0,,AUTO,"Refer to Schedule 063, Clause 7",5.jpg,063-1,Jamie Portman,0.031167937,8.65E-06,143.892332,-36.833925
0,0,Mallacoota,109,Geomatic Technologies,VicMap Modified,Speed Restriction,5 Knots,7,19/06/2009,,50,,Speed Restriction (5 Knots),,0,,AUTO,"Refer to Schedule 109, Clause 7",5.jpg,109-2.a,Jamie Portman,0.064911084,4.47E-05,149.763592,-37.547655
0,0,Mallacoota,109,Geomatic Technologies,VicMap Modified,Speed Restriction,5 Knots,7,19/06/2009,,50,,Speed Restriction (5 Knots),,0,,AUTO,"Refer to Schedule 109, Clause 7",5.jpg,109-2.b,Jamie Portman,0.22491444,0.000151051,149.68884,-37.477186
0,0,Melton Reservoir,150,Geomatic Technologies,VicMap,Speed Restriction,5 Knots,7,2/6/2011,,52,,Speed Restriction (5 Knots),,3,,AUTO,"Refer to Schedule 150, Clause 7",5.jpg,150-1 (<15%),Tad Knaggs,0.436763625,0.000242898,144.474157,-37.684799
0,0,Melton Reservoir,150,Geomatic Technologies,VicMap,Speed Restriction,5 Knots,7,2/6/2011,,52,,Speed Restriction (5 Knots),,2,,AUTO,"Refer to Schedule 150, Clause 7",5.jpg,150-2.a (>15% & <20%),Tad Knaggs,0.320086103,0.000153997,144.474157,-37.684799
0,0,Melton Reservoir,150,Geomatic Technologies,VicMap,Speed Restriction,5 Knots,7,2/6/2011,,52,,Speed Restriction (5 Knots),,1,,AUTO,"Refer to Schedule 150, Clause 7",5.jpg,150-2.a (>20%),Tad Knaggs,0.170956326,5.31E-05,144.509433,-37.708129
0,0,Melton Reservoir,150,Geomatic Technologies,VicMap,Speed Restriction,5 Knots,7,2/6/2011,,52,,Speed Restriction (5 Knots),,2,,AUTO,"Refer to Schedule 150, Clause 7",5.jpg,150-2.b (>15% & <20%),Tad Knaggs,0.023679573,4.19E-06,144.540891,-37.719159
0,0,Melton Reservoir,150,Geomatic Technologies,VicMap,Speed Restriction,5 Knots,7,2/6/2011,,52,,Speed Restriction (5 Knots),,1,,AUTO,"Refer to Schedule 150, Clause 7",5.jpg,150-2.b (>20%),Tad Knaggs,0.003525604,4.36E-07,144.510791,-37.707521
0,0,Melton Reservoir,150,Geomatic Technologies,VicMap,Speed Restriction,5 Knots,7,2/6/2011,,52,,Speed Restriction (5 Knots),,2,,AUTO,"Refer to Schedule 150, Clause 7",5.jpg,150-2.c (>15% & <20%),Tad Knaggs,0.008887946,2.22E-06,144.566918,-37.740378
0,0,Melton Reservoir,150,Geomatic Technologies,VicMap,Speed Restriction,5 Knots,7,2/6/2011,,52,,Speed Restriction (5 Knots),,1,,AUTO,"Refer to Schedule 150, Clause 7",5.jpg,150-2.c (>20%),Tad Knaggs,0.037403257,2.16E-05,144.52063,-37.704866
0,0,Melton Reservoir,150,Geomatic Technologies,VicMap,Speed Restriction,5 Knots,7,2/6/2011,,52,,Speed Restriction (5 Knots),,1,,AUTO,"Refer to Schedule 150, Clause 7",5.jpg,150-2.d (>20%),Tad Knaggs,0.003729331,4.37E-07,144.527287,-37.706847
0,0,Melton Reservoir,150,Geomatic Technologies,VicMap,Speed Restriction,5 Knots,7,2/6/2011,,52,,Speed Restriction (5 Knots),,1,,AUTO,"Refer to Schedule 150, Clause 7",5.jpg,150-2.e (>20%),Tad Knaggs,0.009579837,1.80E-06,144.54131,-37.714282
0,0,Melton Reservoir,150,Geomatic Technologies,VicMap,Speed Restriction,5 Knots,7,2/6/2011,,52,,Speed Restriction (5 Knots),,1,,AUTO,"Refer to Schedule 150, Clause 7",5.jpg,150-2.f (>20%),Tad Knaggs,0.009536339,2.39E-06,144.54161,-37.717135
0,0,Melton Reservoir,150,Geomatic Technologies,VicMap,Speed Restriction,5 Knots,7,2/6/2011,,52,,Speed Restriction (5 Knots),,1,,AUTO,"Refer to Schedule 150, Clause 7",5.jpg,150-2.f (>20%),Tad Knaggs,0.014175122,3.03E-06,144.542814,-37.715674
0,0,Melton Reservoir,150,Geomatic Technologies,VicMap,Speed Restriction,5 Knots,7,2/6/2011,,52,,Speed Restriction (5 Knots),,1,,AUTO,"Refer to Schedule 150, Clause 7",5.jpg,150-2.g (>20%),Tad Knaggs,0.023679573,4.19E-06,144.540891,-37.719159
0,0,Melton Reservoir,150,Geomatic Technologies,VicMap,Speed Restriction,5 Knots,7,2/6/2011,,52,,Speed Restriction (5 Knots),,1,,AUTO,"Refer to Schedule 150, Clause 7",5.jpg,150-2.h (>20%),Tad Knaggs,0.008887946,2.22E-06,144.566918,-37.740378
0,0,Moodmere Lake,129,Geomatic Technologies,VicMap,Speed Restriction,5 Knots,7,3/8/2011,,54,,Speed Restriction (5 Knots),,0,,AUTO,"Refer to Schedule 129, Clause 7",5.jpg,129-2,Tad Knaggs,0.239168978,0.000126452,146.396971,-36.042633
0,0,Port Fairy,20,Geomatic Technologies,VicMap Modified,Speed Restriction,5 Knots,7,9/6/2009,,57,,Speed Restriction (5 Knots),,0,,AUTO,"Refer to Schedule 020, Clause 7",5.jpg,020-1.a,Brad Griffiths,0.042409345,4.16E-05,142.244816,-38.387603
0,0,Port Fairy,20,Geomatic Technologies,VicMap Modified,Speed Restriction,5 Knots,7,9/6/2009,,57,,Speed Restriction (5 Knots),,0,,AUTO,"Refer to Schedule 020, Clause 7",5.jpg,020-1.b,Brad Griffiths,0.00674419,1.44E-06,142.243977,-38.387995
0,0,Port Fairy,20,Geomatic Technologies,VicMap Modified,Speed Restriction,5 Knots,7,9/6/2009,,57,,Speed Restriction (5 Knots),,0,,AUTO,"Refer to Schedule 020, Clause 7",5.jpg,020-1.c,Brad Griffiths,0.046071568,1.39E-05,142.241882,-38.381475
0,0,Port Of Barwon,10,Geomatic Technologies,VicMap Modified,Speed Restriction,5 Knots,7,1/5/2009,,58,,Speed Restriction (5 Knots),,0,,AUTO,"Refer to Schedule 010, Clause 7",5.jpg,010-1,Jamie Portman,0.127953963,0.000170178,144.49069,-38.262376
0,0,Purrumbete Lake,35,Geomatic Technologies,VicMap Modified,Speed Restriction,5 Knots,7,25/05/2011,,59,,Speed Restriction (5 Knots),,0,,AUTO,"Refer to Schedule 035, Clause 7",5.jpg,035-1,Tad Knaggs,0.098350387,0.000530777,143.232062,-38.271426
0,0,Rocklands Reservoir,44,Geomatic Technologies,VicMap,Speed Restriction,5 Knots,7,15/05/2012,,61,,Speed Restriction (5 Knots),,0,,AUTO,"Refer to Schedule 044, Clause 7",5.jpg,044-2.a,Tad Knaggs,0.014214307,7.58E-06,141.960771,-37.232739
0,0,Rocklands Reservoir,44,Geomatic Technologies,VicMap,Speed Restriction,5 Knots,7,15/05/2012,,61,,Speed Restriction (5 Knots),,0,,AUTO,"Refer to Schedule 044, Clause 7",5.jpg,044-2.b,Tad Knaggs,3.477200755,0.001058176,142.131924,-37.26909
0,0,Sambell Lake,149,Geomatic Technologies,VicMap,Speed Restriction,5 Knots,7,2/4/2012,,62,,Speed Restriction (5 Knots),,0,,AUTO,"Refer to Schedule 149, Clause 7",5.jpg,149-1,Tad Knaggs,0.020987169,1.41E-05,146.698664,-36.359029
0,0,Shallow Inlet,103,Geomatic Technologies,VicMap Modified,Speed Restriction,10 Knots,7,5/2/2010,,63,,Speed Restriction (10 Knots),,0,,AUTO,"Refer to Schedule 103, Clause 7",10.jpg,103-1,Jamie Portman,0.320243143,0.001305659,146.129242,-38.786437
0,0,Surrey River,36,Geomatic Technologies,VicMap,Speed Restriction,5 Knots,7,3/2/2012,,47,,Speed Restriction (5 Knots),,0,,AUTO,"Refer to Schedule 026, Clause 7",5.jpg,026-1,Tad Knaggs,0.000578393,7.00E-11,141.695429,-38.256473
0,0,Tamboon,108,Geomatic Technologies,VicMap Modified,Speed Restriction,5 Knots,7,15/06/2009,,65,,Speed Restriction (5 Knots),,0,,AUTO,"Refer to Schedule 108, Clause 7",5.jpg,108-1,Brad Griffiths,0.044345924,4.05E-05,149.140249,-37.774108
0,0,Taylors Lake,143,Geomatic Technologies,VicMap Modified,Speed Restriction,5 Knots,7,25/05/2010,,66,,Speed Restriction (5 Knots),,0,,AUTO,"Refer to Schedule 143, Clause 7",5.jpg,143-2,Tad Knaggs,0.240718166,0.000293677,142.394655,-36.769299
0,0,Tyers Lake,105,Geomatic Technologies,VicMap,Speed Restriction,5 Knots,7,24/02/2014,,81,,Speed Restriction (5 Knots),,0,,,"Refer to Schedule 105, Clause 7",5.jpg,105-1.a,Tad Knaggs,0.073674992,3.66E-05,148.092538,-37.81842
0,0,Tyers Lake,105,Geomatic Technologies,VicMap,Speed Restriction,5 Knots,7,24/02/2014,,81,,Speed Restriction (5 Knots),,0,,,"Refer to Schedule 105, Clause 7",5.jpg,105-1.b,Tad Knaggs,0.183952697,7.98E-05,148.043327,-37.796778
0,0,Tyers Lake,105,Geomatic Technologies,VicMap,Speed Restriction,5 Knots,7,24/02/2014,,81,,Speed Restriction (5 Knots),,0,,,"Refer to Schedule 105, Clause 7",5.jpg,105-1.c,Tad Knaggs,0.510199245,0.000303979,148.094203,-37.731034
0,0,Tyers Lake,105,Geomatic Technologies,VicMap,Speed Restriction,5 Knots,7,24/02/2014,,81,,Speed Restriction (5 Knots),,0,,,"Refer to Schedule 105, Clause 7",5.jpg,105-1.d,Tad Knaggs,0.158195643,0.000154785,148.078805,-37.846898
0,0,Urquharts Bluff,15,Geomatic Technologies,VicMap Modified,Speed Restriction,5 Knots,7,27/05/2009,,68,,Speed Restriction (5 Knots),,0,,AUTO,"Refer to Schedule 015, Clause 7",5.jpg,015-2,Jamie Portman,0.012854428,2.32E-06,144.133999,-38.437539
0,0,Victoria Park Lake,126,Geomatic Technologies,VicMap,Speed Restriction,5 Knots,7,18/06/2012,,69,,Speed Restriction (5 Knots),,0,,AUTO,"Refer to Schedule 126, Clause 7",5.jpg,126-1,Tad Knaggs,0.031606627,1.42E-05,145.393979,-36.392711
0,0,Wallace Lake,66,Geomatic Technologies,VicMap,Speed Restriction,5 Knots,7,21/05/2012,,70,,Speed Restriction (5 Knots),,0,,AUTO,"Refer to Schedule 066, Clause 7",5.jpg,066-1,Tad Knaggs,0.043424427,6.26E-05,141.293544,-37.034704
0,0,Waranga Basin,85,Geomatic Technologies,VicMap,Speed Restriction,5 Knots,7,22/11/2011,,71,,Speed Restriction (5 Knots),,1,,AUTO,"Refer to Schedule 085, Clause 7",5.jpg,085-2.a (>114.38),Tad Knaggs,0.731622422,0.000657292,145.069533,-36.585649
0,0,Waranga Basin,85,Geomatic Technologies,VicMap,Speed Restriction,5 Knots,7,21/11/2011,,71,,Speed Restriction (5 Knots),,1,,AUTO,"Refer to Schedule 085, Clause 7",5.jpg,085-2.b (>114.38),Tad Knaggs,0.151281825,0.000417407,145.079216,-36.590012
0,0,Waranga Basin,85,Geomatic Technologies,VicMap,Speed Restriction,5 Knots,7,22/11/2011,,71,,Speed Restriction (5 Knots),,1,,AUTO,"Refer to Schedule 085, Clause 7",5.jpg,085-2.c (>114.38),Tad Knaggs,0.050403381,9.25E-05,145.127391,-36.58668
0,0,Waranga Basin,85,Geomatic Technologies,VicMap,Speed Restriction,5 Knots,7,23/11/2011,,71,,Speed Restriction (5 Knots),,1,,AUTO,"Refer to Schedule 085, Clause 7",5.jpg,085-2.d (>114.38),Tad Knaggs,0.104322367,0.0003951,145.127795,-36.564896
0,0,Western Port,5,Geomatic Technologies,VicMap Modified,Speed Restriction,5 Knots,7,16/04/2008,,72,,Speed Restriction (5 Knots),,0,,AUTO,"Refer to Schedule 005, Clause 7",5.jpg,005-3.a.ii,Jamie Portman,0.033472,3.20E-05,145.521625,-38.304674
0,0,Western Port,5,Geomatic Technologies,VicMap Modified,Speed Restriction,5 Knots,7,16/04/2008,,72,,Speed Restriction (5 Knots),,0,,AUTO,"Refer to Schedule 005, Clause 7",5.jpg,005-3.a.iii,Jamie Portman,0.019537604,1.70E-05,145.433884,-38.437686
0,0,Western Port,5,Geomatic Technologies,VicMap Modified,Speed Restriction,5 Knots,7,16/04/2008,,72,,Speed Restriction (5 Knots),,0,,AUTO,"Refer to Schedule 005, Clause 7",5.jpg,005-3.a.iv,Jamie Portman,0.251183898,0.000192751,145.183103,-38.460583
0,0,Western Port,5,Geomatic Technologies,VicMap Modified,Speed Restriction,5 Knots,7,16/04/2008,,72,,Speed Restriction (5 Knots),,0,,AUTO,"Refer to Schedule 005, Clause 7",5.jpg,005-3.a.v,Jamie Portman,0.032354637,2.77E-05,145.303584,-38.468316
0,0,Western Port,5,Geomatic Technologies,VicMap Modified,Speed Restriction,5 Knots,7,16/04/2008,,72,,Speed Restriction (5 Knots),,0,,AUTO,"Refer to Schedule 005, Clause 7",5.jpg,005-3.a.vi,Jamie Portman,0.115147293,9.72E-05,145.342772,-38.53593
0,0,Western Port,5,Geomatic Technologies,VicMap Modified,Speed Restriction,5 Knots,7,16/04/2008,,72,,Speed Restriction (5 Knots),,0,,AUTO,"Refer to Schedule 005, Clause 7",5.jpg,005-3.b,Jamie Portman,0.193418708,0.000194519,145.311992,-38.228916
0,0,Western Port,5,Geomatic Technologies,VicMap Modified,Speed Restriction,5 Knots,7,16/04/2008,,72,,Speed Restriction (5 Knots),,0,,AUTO,"Refer to Schedule 005, Clause 7",5.jpg,005-3.c,Jamie Portman,0.144960175,7.24E-05,145.379848,-38.221327
0,0,Western Port,5,Geomatic Technologies,VicMap Modified,Speed Restriction,5 Knots,7,16/04/2008,,72,,Speed Restriction (5 Knots),,0,,AUTO,"Refer to Schedule 005, Clause 7",5.jpg,005-3.d,Jamie Portman,0.111910895,0.000289527,145.222885,-38.306554
0,0,Western Port,5,Geomatic Technologies,VicMap Modified,Speed Restriction,5 Knots,7,16/04/2008,,72,,Speed Restriction (5 Knots),,0,,AUTO,"Refer to Schedule 005, Clause 7",5.jpg,005-3.e,Jamie Portman,0.129495776,0.000102538,145.300181,-38.453528
0,0,Western Port,5,Geomatic Technologies,VicMap Modified,Speed Restriction,5 Knots,7,14/04/2008,,72,,Speed Restriction (5 Knots),,0,,AUTO,"Refer to Schedule 005, Clause 7",5.jpg,005-3.a.i,Jamie Portman,0.393963084,0.000379348,145.042724,-38.447288
0,0,Wimmera River Hindmarsh,68,Geomatic Technologies,VicMap,Speed Restriction,5 Knots,7,22/06/2012,,74,,Speed Restriction (5 Knots),,0,,AUTO,"Refer to Schedule 068, Clause 7",5.jpg,068-2.a,Tad Knaggs,0.25020502,4.31E-05,141.994057,-36.146151
0,0,Wimmera River Hindmarsh,68,Geomatic Technologies,VicMap,Speed Restriction,5 Knots,7,22/06/2012,,74,,Speed Restriction (5 Knots),,0,,AUTO,"Refer to Schedule 068, Clause 7",5.jpg,068-2.b,Tad Knaggs,0.01613926,3.36E-06,141.953994,-36.131009
0,0,Wimmera River Hindmarsh,68,Geomatic Technologies,VicMap,Speed Restriction,5 Knots,7,22/06/2012,,74,,Speed Restriction (5 Knots),,0,,AUTO,"Refer to Schedule 068, Clause 7",5.jpg,068-2.c,Tad Knaggs,0.091570243,1.94E-05,142.047163,-36.477125
0,0,Wimmera River Hindmarsh,68,Geomatic Technologies,VicMap,Speed Restriction,5 Knots,7,22/06/2012,,74,,Speed Restriction (5 Knots),,0,,,"Refer to Schedule 069, Clause 7",5.jpg,068-2.d,Tad Knaggs,0.300026573,4.10E-05,142.016744,-36.496337
0,0,Merri River,23,Geomatic Technologies,VicMap Modified,Speed Restriction,5 Knots,7,7/7/2009,,53,,Speed Restriction (5 Knots),,0,,AUTO,"Refer to Schedule 023, Clause 7",5.jpg,023-1,Jamie Portman,0.311684806,4.25E-05,142.440713,-38.34087
0,0,Port Phillip,1,Geomatic Technologies,VicMap,Speed Restriction,5 Knots,7,17/10/2014,,78,,Speed Restriction (5 Knots),,0,,AUTO,"Refer to Schedule 001, Clause 7",5.jpg,001-1.7.d,Tad Knaggs,0.010515043,4.45E-06,144.973113,-37.872489
0,0,Port Phillip,1,Geomatic Technologies,VicMap,Speed Restriction,5 Knots,7,17/10/2014,,78,,Speed Restriction (5 Knots),,0,,AUTO,"Refer to Schedule 001, Clause 7",5.jpg,001-1.7.f,Tad Knaggs,0.020011749,2.00E-05,144.982318,-37.908731
0,0,Port Phillip,1,Geomatic Technologies,VicMap,Speed Restriction,5 Knots,7,17/10/2014,,78,,Speed Restriction (5 Knots),,0,,AUTO,"Refer to Schedule 001, Clause 7",5.jpg,001-1.7.g,Tad Knaggs,0.020912913,9.31E-06,144.980344,-37.905005
0,0,Port Phillip,1,Geomatic Technologies,VicMap,Speed Restriction,5 Knots,7,17/10/2014,,78,,Speed Restriction (5 Knots),,0,,AUTO,"Refer to Schedule 001, Clause 7",5.jpg,001-1.7.i,Tad Knaggs,0.013100783,5.75E-06,144.995261,-37.945288
0,0,Port Phillip,1,Geomatic Technologies,VicMap,Speed Restriction,5 Knots,7,17/10/2014,,78,,Speed Restriction (5 Knots),,0,,AUTO,"Refer to Schedule 001, Clause 7",5.jpg,001-2.7.b,Tad Knaggs,0.069273988,8.24E-06,145.088721,-38.009279
0,0,Port Phillip,1,Geomatic Technologies,VicMap,Speed Restriction,5 Knots,7,17/10/2014,,78,,Speed Restriction (5 Knots),,0,,AUTO,"Refer to Schedule 001, Clause 7",5.jpg,001-2.7.c,Tad Knaggs,0.147723088,6.98E-05,145.146041,-38.059089
0,0,Port Phillip,1,Geomatic Technologies,VicMap,Speed Restriction,5 Knots,7,31/01/2014,,78,,Speed Restriction (5 Knots),,0,,AUTO,"Refer to Schedule 001, Clause 7",5.jpg,001-3.7.a,Tad Knaggs,0.037635787,4.35E-05,144.99274,-38.306395
0,0,Port Phillip,1,Geomatic Technologies,VicMap,Speed Restriction,5 Knots,7,3/2/2014,,78,,Speed Restriction (5 Knots),,0,,AUTO,"Refer to Schedule 001, Clause 7",5.jpg,001-3.7.b,Tad Knaggs,0.542659707,0.00113871,144.923396,-38.349064
0,0,Port Phillip,1,Geomatic Technologies,VicMap,Speed Restriction,5 Knots,7,6/2/2014,,78,,Speed Restriction (5 Knots),,0,,AUTO,"Refer to Schedule 001, Clause 7",5.jpg,001-3.7.c,Tad Knaggs,0.04445637,4.34E-05,144.7052,-38.313
0,0,Port Phillip,1,Geomatic Technologies,VicMap,Speed Restriction,5 Knots,7,31/01/2014,,78,,Speed Restriction (5 Knots),,0,,AUTO,"Refer to Schedule 001, Clause 7",5.jpg,001-3.7.d,Tad Knaggs,0.081189401,8.51E-05,144.655267,-38.300383
0,0,Port Phillip,1,Geomatic Technologies,VicMap,Speed Restriction,5 Knots,7,19/06/2014,,78,,Speed Restriction (5 Knots),,0,,AUTO,"Refer to Schedule 001, Clause 7",5.jpg,001-3.b.ix,Tad Knaggs,0.154697147,5.51E-05,144.666326,-37.943616
0,0,Port Phillip,1,Geomatic Technologies,VicMap,Speed Restriction,5 Knots,7,7/4/2011,,78,,Speed Restriction (5 Knots),,0,,AUTO,"Refer to Schedule 001, Clause 7",5.jpg,001-3.b.i,Tad Knaggs,0.047922926,4.30E-05,144.924159,-37.840205
0,0,Port Phillip,1,Geomatic Technologies,VicMap,Speed Restriction,5 Knots,7,7/4/2011,,78,,Speed Restriction (5 Knots),,0,,AUTO,"Refer to Schedule 001, Clause 7",5.jpg,001-3.b.ii,Tad Knaggs,0.019037077,1.44E-05,144.955037,-37.853471
0,0,Port Phillip,1,Geomatic Technologies,VicMap,Speed Restriction,5 Knots,7,7/4/2011,,78,,Speed Restriction (5 Knots),,0,,AUTO,"Refer to Schedule 001, Clause 7",5.jpg,001-3.b.iii,Tad Knaggs,0.037911426,5.79E-05,144.968299,-37.859488
0,0,Port Phillip,1,Geomatic Technologies,VicMap,Speed Restriction,5 Knots,7,7/4/2011,,78,,Speed Restriction (5 Knots),,0,,AUTO,"Refer to Schedule 001, Clause 7",5.jpg,001-3.b.iv,Tad Knaggs,0.013741211,4.02E-06,144.976006,-37.873142
0,0,Pykes Creek Reservoir,41,Geomatic Technologies,VicMap,Speed Restriction,5 Knots,7,8/11/2011,,60,,Speed Restriction (5 Knots),,1,,,"Refer to Schedule 041, Clause 7",5.jpg,041-2.a (>30%),Tad Knaggs,0.020784321,8.44E-06,144.304143,-37.603949
0,0,Pykes Creek Reservoir,41,Geomatic Technologies,VicMap,Speed Restriction,5 Knots,7,8/11/2011,,60,,Speed Restriction (5 Knots),,1,,,"Refer to Schedule 041, Clause 7",5.jpg,041-2.b (>30%),Tad Knaggs,0.016748678,1.01E-05,144.295369,-37.589383
0,0,Pykes Creek Reservoir,41,Geomatic Technologies,VicMap,Speed Restriction,5 Knots,7,8/11/2011,,60,,Speed Restriction (5 Knots),,1,,,"Refer to Schedule 041, Clause 7",5.jpg,041-2.c (>30%),Tad Knaggs,0.024809994,1.81E-05,144.291901,-37.588708
0,0,Pykes Creek Reservoir,41,Geomatic Technologies,VicMap,Speed Restriction,5 Knots,7,9/11/2011,,60,,Speed Restriction (5 Knots),,1,,,"Refer to Schedule 041, Clause 7",5.jpg,041-2.d (>30%),Tad Knaggs,0.12554469,3.57E-05,144.299953,-37.609325
0,0,Lake Nagambie,91,Geomatic Technologies,VicMap,Speed Restriction,5 Knots,7,3/10/2014,,42,,Speed Restriction (5 Knots),,0,,,"Refer to Schedule 091, Clause 7",5.jpg,091-1,Tad Knaggs,1.394480573,3.49E-06,145.115193,-36.893035
0,0,Lake Nagambie,91,Geomatic Technologies,VicMap,Speed Restriction,5 Knots,7,19/11/2013,,42,,Speed Restriction (5 Knots),,0,,,"Refer to Schedule 091, Clause 7",5.jpg,091-4.a.i,Tad Knaggs,0.048397242,4.79E-09,145.115193,-36.893035
0,0,Lake Nagambie,91,Geomatic Technologies,VicMap,Speed Restriction,5 Knots,7,19/11/2013,,42,,Speed Restriction (5 Knots),,0,,,"Refer to Schedule 091, Clause 7",5.jpg,091-4.a.ii,Tad Knaggs,0.015515941,1.58E-09,145.092399,-36.848859
0,0,Lake Nagambie,91,Geomatic Technologies,VicMap,Speed Restriction,5 Knots,7,19/11/2013,,42,,Speed Restriction (5 Knots),,0,,,"Refer to Schedule 091, Clause 7",5.jpg,091-4.a.iii,Tad Knaggs,0.012365718,1.05E-09,145.084088,-36.827767
0,0,Lake Nagambie,91,Geomatic Technologies,VicMap,Speed Restriction,5 Knots,7,19/11/2013,,42,,Speed Restriction (5 Knots),,0,,,"Refer to Schedule 091, Clause 7",5.jpg,091-4.a.iv,Tad Knaggs,0.009688966,7.60E-10,145.086814,-36.79763
0,0,Lake Nagambie,91,Geomatic Technologies,VicMap,Speed Restriction,5 Knots,7,19/11/2013,,42,,Speed Restriction (5 Knots),,0,,,"Refer to Schedule 091, Clause 7",5.jpg,091-4.a.v,Tad Knaggs,0.459608235,2.03E-06,145.122368,-36.787624
0,0,Lake Nagambie,91,Geomatic Technologies,VicMap Modified,Speed Restriction,5 Knots,7,26/03/2009,,42,,Speed Restriction (5 Knots),,0,,,"Refer to Schedule 091, Clause 7",5.jpg,091-4.b,Jamie Portman,0.127409019,1.23E-08,145.175346,-36.737201
0,0,Lake Nagambie,91,Geomatic Technologies,VicMap,Speed Restriction,20 Knots,7,19/11/2013,,42,,Speed Restriction (20 Knots),,0,,,"Refer to Schedule 091, Clause 7",20.jpg,091-5.a,Tad Knaggs,0.216852747,2.03E-08,145.112816,-36.883536
0,0,Lake Nagambie,91,Geomatic Technologies,VicMap,Speed Restriction,20 Knots,7,19/11/2013,,42,,Speed Restriction (20 Knots),,0,,,"Refer to Schedule 091, Clause 7",20.jpg,091-5.b,Tad Knaggs,0.088579865,1.00E-08,145.105517,-36.794428
0,0,Lake Nagambie,91,Geomatic Technologies,VicMap,Speed Restriction,20 Knots,7,19/11/2013,,42,,Speed Restriction (20 Knots),,0,,,"Refer to Schedule 091, Clause 7",20.jpg,091-5.c,Tad Knaggs,0.033465998,3.59E-09,145.138759,-36.774784
0,0,Lake Nagambie,91,Geomatic Technologies,VicMap,Speed Restriction,20 Knots,7,19/11/2013,,42,,Speed Restriction (20 Knots),,0,,,"Refer to Schedule 091, Clause 7",20.jpg,091-5.d,Tad Knaggs,0.040282498,3.96E-09,145.129995,-36.767174
0,0,Lake Nagambie,91,Geomatic Technologies,VicMap,Speed Restriction,20 Knots,7,19/11/2013,,42,,Speed Restriction (20 Knots),,0,,,"Refer to Schedule 091, Clause 7",20.jpg,091-5.e,Tad Knaggs,0.010339077,1.03E-09,145.132797,-36.74883
0,0,Lake Nagambie,91,Geomatic Technologies,VicMap,Speed Restriction,5 Knots,7,19/11/2013,,42,,Speed Restriction (5 Knots),,1,,,"Refer to Schedule 091, Clause 7",5.jpg,091-10.a (>123.9m),Tad Knaggs,0.022117694,2.69E-09,145.149772,-36.78711
0,0,Lake Nagambie,91,Geomatic Technologies,VicMap,Speed Restriction,5 Knots,7,19/11/2013,,42,,Speed Restriction (5 Knots),,1,,,"Refer to Schedule 091, Clause 7",5.jpg,091-10.b (>123.9m),Tad Knaggs,0.020982591,1.94E-09,145.132616,-36.787027
0,0,Lake Nagambie,91,Geomatic Technologies,VicMap Modified,Speed Restriction,5 Knots,7,26/03/2009,,42,,Speed Restriction (5 Knots),,1,,,"Refer to Schedule 091, Clause 7",5.jpg,091-10.c (>123.9m),Jamie Portman,0.003412822,2.60E-10,145.145145,-36.777446
0,0,Lake Nagambie,91,Geomatic Technologies,VicMap,Speed Restriction,5 Knots,7,3/10/2014,,42,,Speed Restriction (5 Knots),,2,,,"Refer to Schedule 091, Clause 7",5.jpg,091-15 (<123.9m),Tad Knaggs,0.071443789,6.98E-09,145.149772,-36.78711
0,0,Gippsland Lakes,104,Geomatic Technologies,VicMap,Speed Restriction,5 Knots,7,1/10/2014,,22,,Speed Restriction (5 Knots),,0,,,"Refer to Schedule 104, Clause 7",5.jpg,104-2.a,Tad Knaggs,3.720313418,0.000555964,147.068074,-38.125879
0,0,Gippsland Lakes,104,Geomatic Technologies,VicMap,Speed Restriction,5 Knots,7,1/10/2014,,22,,Speed Restriction (5 Knots),,0,,,"Refer to Schedule 104, Clause 7",5.jpg,104-2.b,Tad Knaggs,0.105160015,1.47E-05,147.068626,-38.125763
0,0,Gippsland Lakes,104,Geomatic Technologies,VicMap,Speed Restriction,5 Knots,7,1/10/2014,,22,,Speed Restriction (5 Knots),,0,,,"Refer to Schedule 104, Clause 7",5.jpg,104-2.c,Tad Knaggs,1.267186054,0.000252045,147.268536,-38.048401
0,0,Gippsland Lakes,104,Geomatic Technologies,VicMap,Speed Restriction,5 Knots,7,3/10/2014,,22,,Speed Restriction (5 Knots),,0,,,"Refer to Schedule 104, Clause 7",5.jpg,104-2.c,Tad Knaggs,0.016894208,5.80E-06,147.249445,-38.062011
0,0,Gippsland Lakes,104,Geomatic Technologies,VicMap,Speed Restriction,5 Knots,7,25/03/2014,,22,,Speed Restriction (5 Knots),,0,,,"Refer to Schedule 104, Clause 7",5.jpg,104-2.e.i,Tad Knaggs,0.031974684,2.53E-05,147.586851,-38.039796
0,0,Gippsland Lakes,104,Geomatic Technologies,VicMap,Speed Restriction,5 Knots,7,25/03/2014,,22,,Speed Restriction (5 Knots),,0,,,"Refer to Schedule 104, Clause 7",5.jpg,104-2.e.ii,Tad Knaggs,0.031166818,2.59E-05,147.575129,-38.04873
0,0,Gippsland Lakes,104,Geomatic Technologies,VicMap,Speed Restriction,5 Knots,7,26/03/2014,,22,,Speed Restriction (5 Knots),,0,,,"Refer to Schedule 104, Clause 7",5.jpg,104-2.e.iii,Tad Knaggs,0.056511442,5.03E-05,147.610802,-38.025798
0,0,Gippsland Lakes,104,Geomatic Technologies,VicMap,Speed Restriction,5 Knots,7,26/03/2014,,22,,Speed Restriction (5 Knots),,0,,,"Refer to Schedule 104, Clause 7",5.jpg,104-2.f,Tad Knaggs,0.122138887,0.000104599,147.857886,-37.925008
0,0,Gippsland Lakes,104,Geomatic Technologies,VicMap,Speed Restriction,5 Knots,7,1/10/2014,,22,,Speed Restriction (5 Knots),,0,,,"Refer to Schedule 104, Clause 7",5.jpg,104-2.g,Tad Knaggs,0.080680281,5.83E-05,147.684754,-37.94228
0,0,Gippsland Lakes,104,Geomatic Technologies,VicMap,Speed Restriction,5 Knots,7,25/03/2014,,22,,Speed Restriction (5 Knots),,0,,,"Refer to Schedule 104, Clause 7",5.jpg,104-2.h,Tad Knaggs,0.063506877,6.89E-05,147.734326,-37.906608
0,0,Gippsland Lakes,104,Geomatic Technologies,VicMap,Speed Restriction,5 Knots,7,25/03/2014,,22,,Speed Restriction (5 Knots),,0,,,"Refer to Schedule 104, Clause 7",5.jpg,104-2.i,Tad Knaggs,0.016495557,1.08E-05,147.686777,-37.894421
0,0,Gippsland Lakes,104,Geomatic Technologies,VicMap,Speed Restriction,5 Knots,7,1/10/2014,,22,,Speed Restriction (5 Knots),,0,,,"Refer to Schedule 104, Clause 7",5.jpg,104-2.j,Tad Knaggs,3.597998633,0.000654712,147.682133,-37.880095
0,0,Gippsland Lakes,104,Geomatic Technologies,VicMap,Speed Restriction,5 Knots,7,1/10/2014,,22,,Speed Restriction (5 Knots),,0,,,"Refer to Schedule 104, Clause 7",5.jpg,104-2.k,Tad Knaggs,0.502373704,0.000114846,147.701758,-37.729608
0,0,Gippsland Lakes,104,Geomatic Technologies,VicMap,Speed Restriction,5 Knots,7,1/10/2014,,22,,Speed Restriction (5 Knots),,0,,,"Refer to Schedule 104, Clause 7",5.jpg,104-2.l,Tad Knaggs,2.160337612,0.000358251,147.794226,-37.859168
0,0,Gippsland Lakes,104,Geomatic Technologies,VicMap,Speed Restriction,5 Knots,7,25/03/2014,,22,,Speed Restriction (5 Knots),,0,,,"Refer to Schedule 104, Clause 7",5.jpg,104-2.m.i,Tad Knaggs,0.023850487,2.62E-05,147.85798,-37.894397
0,0,Gippsland Lakes,104,Geomatic Technologies,VicMap,Speed Restriction,5 Knots,7,25/03/2014,,22,,Speed Restriction (5 Knots),,0,,,"Refer to Schedule 104, Clause 7",5.jpg,104-2.m.ii,Tad Knaggs,0.031087041,1.46E-05,147.872372,-37.893196
0,0,Gippsland Lakes,104,Geomatic Technologies,VicMap,Speed Restriction,5 Knots,7,25/03/2014,,22,,Speed Restriction (5 Knots),,0,,,"Refer to Schedule 104, Clause 7",5.jpg,104-2.n,Tad Knaggs,0.014927086,5.54E-06,147.861226,-37.880552
0,0,Gippsland Lakes,104,Geomatic Technologies,VicMap,Speed Restriction,5 Knots,7,25/03/2014,,22,,Speed Restriction (5 Knots),,0,,,"Refer to Schedule 104, Clause 7",5.jpg,104-2.o,Tad Knaggs,0.021892258,6.67E-06,147.875948,-37.880987
0,0,Gippsland Lakes,104,Geomatic Technologies,VicMap,Speed Restriction,5 Knots,7,25/03/2014,,22,,Speed Restriction (5 Knots),,0,,,"Refer to Schedule 104, Clause 7",5.jpg,104-2.p,Tad Knaggs,0.110741418,0.000103728,148.013159,-37.87538
0,0,Gippsland Lakes,104,Geomatic Technologies,VicMap,Speed Restriction,5 Knots,7,25/03/2014,,22,,Speed Restriction (5 Knots),,0,,,"Refer to Schedule 104, Clause 7",5.jpg,104-2.q,Tad Knaggs,0.194989593,0.000139662,147.97142,-37.883034
0,0,Gippsland Lakes,104,Geomatic Technologies,VicMap,Speed Restriction,5 Knots,7,25/03/2014,,22,,Speed Restriction (5 Knots),,0,,,"Refer to Schedule 104, Clause 7",5.jpg,104-2.r,Tad Knaggs,0.005384401,1.52E-06,147.852169,-37.892462
0,0,Gippsland Lakes,104,Geomatic Technologies,VicMap,Speed Restriction,5 Knots,7,25/03/2014,,22,,Speed Restriction (5 Knots),,0,,,"Refer to Schedule 104, Clause 7",5.jpg,104-2.s,Tad Knaggs,0.020384208,1.05E-05,147.963885,-37.88749
0,0,Gippsland Lakes,104,Geomatic Technologies,VicMap,Speed Restriction,5 Knots,7,25/03/2014,,22,,Speed Restriction (5 Knots),,0,,,"Refer to Schedule 104, Clause 7",5.jpg,104-2.t,Tad Knaggs,0.031137992,3.57E-05,147.950622,-37.892718
0,0,Gippsland Lakes,104,Geomatic Technologies,VicMap,Speed Restriction,5 Knots,7,1/10/2014,,22,,Speed Restriction (5 Knots),,0,,,"Refer to Schedule 104, Clause 7",5.jpg,104-2.u,Tad Knaggs,0.054939934,2.14E-05,147.687437,-37.919834
0,0,Gippsland Lakes,104,Geomatic Technologies,VicMap,Speed Restriction,5 Knots,7,1/10/2014,,22,,Speed Restriction (5 Knots),,0,,,"Refer to Schedule 104, Clause 7",5.jpg,104-2.v,Tad Knaggs,0.11974654,0.000129457,147.713124,-37.925501
0,0,Gippsland Lakes,104,Geomatic Technologies,VicMap,Speed Restriction,5 Knots,7,25/03/2014,,22,,Speed Restriction (5 Knots),,0,,,"Refer to Schedule 104, Clause 7",5.jpg,104-2.w,Tad Knaggs,0.040855278,2.84E-05,147.767615,-37.960715
0,0,Gippsland Lakes,104,Geomatic Technologies,VicMap,Speed Restriction,10 Knots,7,3/10/2014,,22,,Speed Restriction (10 Knots),,0,,,"Refer to Schedule 104, Clause 7",10.jpg,104-3.a,Tad Knaggs,0.328699303,7.04E-05,147.23759,-38.118535
0,0,Gippsland Lakes,104,Geomatic Technologies,VicMap,Speed Restriction,10 Knots,7,1/10/2014,,22,,Speed Restriction (10 Knots),,0,,,"Refer to Schedule 104, Clause 7",10.jpg,104-3.b,Tad Knaggs,0.196718615,0.000105531,147.469055,-38.052875
0,0,Gippsland Lakes,104,Geomatic Technologies,VicMap,Speed Restriction,10 Knots,7,25/03/2014,,22,,Speed Restriction (10 Knots),,0,,,"Refer to Schedule 104, Clause 7",10.jpg,104-3.c,Tad Knaggs,0.039799916,4.34E-05,147.963129,-37.88118
0,0,Port Phillip,1,Geomatic Technologies,,Speed Restriction,5 Knots,7,17/10/2014,<Null>,78,,Speed Restriction (5 Knots),,0,,,"Refer to Schedule 001, Clause 7",5.jpg,001-2.7.e,Tad Knaggs,0.187428627,1.52E-05,145.118294,-38.145981
0,0,Cairn Curran,52,Geomatic Technologies,VicMap,Speed Restriction,5 Knots,7,11/7/2011,,13,,Speed Restriction (5 Knots),,2,,,"Refer to Schedule 052, Clause 7",5.jpg,052-1.b (>13% and <27%),Tad Knaggs,0.083732833,0.000139284,143.978184,-37.028454
0,0,Cairn Curran,52,Geomatic Technologies,VicMap,Speed Restriction,5 Knots,7,11/7/2011,,13,,Speed Restriction (5 Knots),,1,,,"Refer to Schedule 052, Clause 7",5.jpg,052-2.c (>27%),Tad Knaggs,0.095179023,0.000205068,144.020142,-37.087594
0,0,Cairn Curran,52,Geomatic Technologies,VicMap,Speed Restriction,5 Knots,7,11/7/2011,,13,,Speed Restriction (5 Knots),,2,,,"Refer to Schedule 052, Clause 7",5.jpg,052-1.d (>13% and <27%),Tad Knaggs,0.10334007,9.79E-05,144.004286,-37.076486
0,0,Cairn Curran,52,Geomatic Technologies,VicMap,Speed Restriction,5 Knots,7,11/7/2011,,13,,Speed Restriction (5 Knots),,2,,,"Refer to Schedule 052, Clause 7",5.jpg,052-1.e (>13% and <27%),Tad Knaggs,0.026914924,2.01E-05,143.959754,-37.015228
0,0,Cairn Curran,52,Geomatic Technologies,VicMap,Speed Restriction,5 Knots,7,11/7/2011,,13,,Speed Restriction (5 Knots),,1,,,"Refer to Schedule 052, Clause 7",5.jpg,052-2.b (>27%),Tad Knaggs,0.083732833,0.000139284,143.978184,-37.028454
0,0,Cairn Curran,52,Geomatic Technologies,VicMap,Speed Restriction,5 Knots,7,11/7/2011,,13,,Speed Restriction (5 Knots),,2,,,"Refer to Schedule 052, Clause 7",5.jpg,052-1.c (>13% and <27%),Tad Knaggs,0.095179023,0.000205068,144.020142,-37.087594
0,0,Cairn Curran,52,Geomatic Technologies,VicMap,Speed Restriction,5 Knots,7,11/7/2011,,13,,Speed Restriction (5 Knots),,1,,,"Refer to Schedule 052, Clause 7",5.jpg,052-2.d (>27%),Tad Knaggs,0.10334007,9.79E-05,144.004286,-37.076486
0,0,Cairn Curran,52,Geomatic Technologies,VicMap,Speed Restriction,5 Knots,7,11/7/2011,,13,,Speed Restriction (5 Knots),,1,,,"Refer to Schedule 052, Clause 7",5.jpg,052-2.e (>27%),Tad Knaggs,0.026914924,2.01E-05,143.959754,-37.015228
0,0,Cairn Curran,52,Geomatic Technologies,VicMap,Speed Restriction,5 Knots,7,11/7/2011,,13,,Speed Restriction (5 Knots),,1,,,"Refer to Schedule 052, Clause 7",5.jpg,052-2.a (>27%),Tad Knaggs,0.692827687,0.000203805,144.009174,-37.09212
5.13E-07,0.003029954,Lake Glenmaggie,111,Geomatic Technologies,VicMap Modified,Access Lane - Water Skiing,Not Applicable,5,23/01/2009,,39,,Access Lane - Water Skiing,,1,,AUTO,"Refer to Schedule 111, Clause 5",SkiingPermitted.png,111-1.a (>44%),Jamie Portman,0.003029954,5.13E-07,146.792057,-37.927288
5.50E-07,0.003113721,Lake Glenmaggie,111,Geomatic Technologies,VicMap Modified,Access Lane - Water Skiing,Not Applicable,5,23/01/2009,,39,,Access Lane - Water Skiing,,1,,AUTO,"Refer to Schedule 111, Clause 5",SkiingPermitted.png,111-1.b (>44%),Jamie Portman,0.003113722,5.50E-07,146.756585,-37.915831
5.62E-07,0.003109575,Lake Glenmaggie,111,Geomatic Technologies,VicMap Modified,Access Lane - Water Skiing,Not Applicable,5,23/01/2009,,39,,Access Lane - Water Skiing,,1,,AUTO,"Refer to Schedule 111, Clause 5",SkiingPermitted.png,111-1.c (>44%),Jamie Portman,0.003109575,5.62E-07,146.756563,-37.909106
7.63E-07,0.004276536,Lake Glenmaggie,111,Geomatic Technologies,VicMap Modified,Access Lane - Water Skiing,Not Applicable,5,23/01/2009,,39,,Access Lane - Water Skiing,,1,,AUTO,"Refer to Schedule 111, Clause 5",SkiingPermitted.png,111-1.d (>44%),Jamie Portman,0.004276536,7.63E-07,146.753057,-37.894961
5.22E-07,0.003224405,Lake Glenmaggie,111,Geomatic Technologies,VicMap Modified,Access Lane - Water Skiing,Not Applicable,5,23/01/2009,,39,,Access Lane - Water Skiing,,1,,AUTO,"Refer to Schedule 111, Clause 5",SkiingPermitted.png,111-1.e (>44%),Jamie Portman,0.003224406,5.22E-07,146.782233,-37.895421
0,0,Lake Glenmaggie,111,Geomatic Technologies,VicMap Modified,Speed Restriction,5 Knots,7,23/01/2009,,39,,Speed Restriction (5 Knots),,1,,AUTO,"Refer to Schedule 111, Clause 7",5.jpg,111-2.a (>44%),Jamie Portman,0.031896967,1.44E-05,146.746202,-37.901097
0,0,Lake Glenmaggie,111,Geomatic Technologies,VicMap Modified,Speed Restriction,5 Knots,7,23/01/2009,,39,,Speed Restriction (5 Knots),,1,,AUTO,"Refer to Schedule 111, Clause 7",5.jpg,111-2.b (>44%),Jamie Portman,0.207452133,0.000184425,146.763534,-37.88711
0,0,Lake Glenmaggie,111,Geomatic Technologies,VicMap Modified,Speed Restriction,5 Knots,7,23/01/2009,,39,,Speed Restriction (5 Knots),,1,,AUTO,"Refer to Schedule 111, Clause 7",5.jpg,111-2.c (>44%),Jamie Portman,0.00883917,4.15E-06,146.747686,-37.894318
0,0,Lake Glenmaggie,111,Geomatic Technologies,VicMap Modified,Speed Restriction,5 Knots,7,23/01/2009,,39,,Speed Restriction (5 Knots),,1,,AUTO,"Refer to Schedule 111, Clause 7",5.jpg,111-2.d (>44%),Jamie Portman,0.006239216,1.31E-06,146.75053,-37.894005
0,0,Lake Glenmaggie,111,Geomatic Technologies,VicMap Modified,Speed Restriction,5 Knots,7,23/01/2009,,39,,Speed Restriction (5 Knots),,1,,AUTO,"Refer to Schedule 111, Clause 7",5.jpg,111-2.e (>44%),Jamie Portman,0.010926749,4.25E-06,146.777232,-37.891456
0,0,Lake Glenmaggie,111,Geomatic Technologies,VicMap Modified,Speed Restriction,5 Knots,7,23/01/2009,,39,,Speed Restriction (5 Knots),,1,,AUTO,"Refer to Schedule 111, Clause 7",5.jpg,111-2.f (>44%),Jamie Portman,0.008976989,1.64E-06,146.78116,-37.895465
0,0,Lake Glenmaggie,111,Geomatic Technologies,VicMap Modified,Speed Restriction,5 Knots,7,23/01/2009,,39,,Speed Restriction (5 Knots),,1,,AUTO,"Refer to Schedule 111, Clause 7",5.jpg,111-2.g (>44%),Jamie Portman,0.017373406,1.08E-05,146.789821,-37.898596
0,0,Lake Glenmaggie,111,Geomatic Technologies,VicMap Modified,Speed Restriction,5 Knots,7,23/01/2009,,39,,Speed Restriction (5 Knots),,1,,AUTO,"Refer to Schedule 111, Clause 7",5.jpg,111-2.h (>44%),Jamie Portman,0.010028705,5.58E-06,146.797804,-37.926998
0,0,Lake Glenmaggie,111,Geomatic Technologies,VicMap Modified,Speed Restriction,5 Knots,7,23/01/2009,,39,,Speed Restriction (5 Knots),,1,,AUTO,"Refer to Schedule 111, Clause 7",5.jpg,111-2.i (>44%),Jamie Portman,0.019008753,1.76E-05,146.790259,-37.933168
0,0,Lake Glenmaggie,111,Geomatic Technologies,VicMap Modified,Speed Restriction,5 Knots,7,23/01/2009,,39,,Speed Restriction (5 Knots),,2,,AUTO,"Refer to Schedule 111, Clause 7",5.jpg,111-1.a (>25% and <44%),Jamie Portman,0.476914394,0.001395097,146.728308,-37.852842
0,0,Lake Glenmaggie,111,Geomatic Technologies,VicMap Modified,Speed Restriction,5 Knots,7,23/01/2009,,39,,Speed Restriction (5 Knots),,3,,AUTO,"Refer to Schedule 111, Clause 7",5.jpg,111-1 (<25%),Jamie Portman,0.549353524,0.001742323,146.728308,-37.852842
0,0,Lake Narracan,130,Geomatic Technologies,VicMap,Speed Restriction,40 Knots,7,25/06/2012,,43,,Speed Restriction (40 Knots),,1,,,"Refer to Schedule 130, Clause 7",40.jpg,130-1 (>55%),Tad Knaggs,0.272333835,0.000297261,146.296686,-38.149394
0,0,Lake Narracan,130,Geomatic Technologies,VicMap,Speed Restriction,5 Knots,7,25/06/2012,,43,,Speed Restriction (5 Knots),,2,,AUTO,"Refer to Schedule 130, Clause 7",5.jpg,130-1 (<55%),Tad Knaggs,0.272619052,0.000298471,146.296686,-38.149394
0,0,Eppalock Lake,49,Geomatic Technologies,VicMap,Speed Restriction,5 Knots,7,3/6/2013,,19,,Speed Restriction (5 Knots),,1,,,"Refer to Schedule 049, Clause 7",5.jpg,049-1.a (>180.0m),Tad Knaggs,0.004332796,8.46E-07,144.495627,-36.886506
0,0,Eppalock Lake,49,Geomatic Technologies,VicMap,Speed Restriction,5 Knots,7,3/6/2013,,19,,Speed Restriction (5 Knots),,1,,,"Refer to Schedule 049, Clause 7",5.jpg,049-1.b (>180.0m),Tad Knaggs,0.032118535,3.83E-05,144.501614,-36.885102
0,0,Eppalock Lake,49,Geomatic Technologies,VicMap,Speed Restriction,5 Knots,7,3/6/2013,,19,,Speed Restriction (5 Knots),,1,,,"Refer to Schedule 049, Clause 7",5.jpg,049-1.c (>180.0m),Tad Knaggs,0.016361735,1.01E-05,144.525843,-36.890408
0,0,Eppalock Lake,49,Geomatic Technologies,VicMap,Speed Restriction,5 Knots,7,3/6/2013,,19,,Speed Restriction (5 Knots),,1,,,"Refer to Schedule 049, Clause 7",5.jpg,049-1.d (>180.0m),Tad Knaggs,0.027201248,1.72E-05,144.53734,-36.904252
0,0,Eppalock Lake,49,Geomatic Technologies,VicMap,Speed Restriction,5 Knots,7,3/6/2013,,19,,Speed Restriction (5 Knots),,1,,,"Refer to Schedule 049, Clause 7",5.jpg,049-1.e (>180.0m),Tad Knaggs,0.013765495,7.70E-06,144.535015,-36.921775
0,0,Eppalock Lake,49,Geomatic Technologies,VicMap,Speed Restriction,5 Knots,7,3/6/2013,,19,,Speed Restriction (5 Knots),,1,,,"Refer to Schedule 049, Clause 7",5.jpg,049-1.f (>180.0m),Tad Knaggs,0.25845308,8.51E-05,144.535619,-36.936103
0,0,Eppalock Lake,49,Geomatic Technologies,VicMap,Speed Restriction,5 Knots,7,3/6/2013,,19,,Speed Restriction (5 Knots),,1,,,"Refer to Schedule 049, Clause 7",5.jpg,049-1.g (>180.0m),Tad Knaggs,0.019765394,1.27E-05,144.548825,-36.928407
0,0,Eppalock Lake,49,Geomatic Technologies,VicMap,Speed Restriction,5 Knots,7,3/6/2013,,19,,Speed Restriction (5 Knots),,1,,,"Refer to Schedule 049, Clause 7",5.jpg,049-1.h (>180.0m),Tad Knaggs,0.275865521,8.33E-05,144.544896,-36.949146
0,0,Eppalock Lake,49,Geomatic Technologies,VicMap,Speed Restriction,5 Knots,7,3/6/2013,,19,,Speed Restriction (5 Knots),,1,,,"Refer to Schedule 049, Clause 7",5.jpg,049-1.i (>180.0m),Tad Knaggs,0.045266321,3.38E-05,144.554678,-36.937387
0,0,Eppalock Lake,49,Geomatic Technologies,VicMap,Speed Restriction,5 Knots,7,3/6/2013,,19,,Speed Restriction (5 Knots),,1,,,"Refer to Schedule 049, Clause 7",5.jpg,049-1.j (>180.0m),Tad Knaggs,0.018056201,8.18E-06,144.557876,-36.935643
0,0,Eppalock Lake,49,Geomatic Technologies,VicMap,Speed Restriction,5 Knots,7,3/6/2013,,19,,Speed Restriction (5 Knots),,1,,,"Refer to Schedule 049, Clause 7",5.jpg,049-1.k (>180.0m),Tad Knaggs,0.032772145,3.59E-05,144.591676,-36.895305
0,0,Eppalock Lake,49,Geomatic Technologies,VicMap,Speed Restriction,5 Knots,7,3/6/2013,,19,,Speed Restriction (5 Knots),,1,,,"Refer to Schedule 049, Clause 7",5.jpg,049-1.l (>180.0m),Tad Knaggs,0.059329795,2.18E-05,144.622976,-36.908451
0,0,Eppalock Lake,49,Geomatic Technologies,VicMap,Speed Restriction,5 Knots,7,3/6/2013,,19,,Speed Restriction (5 Knots),,1,,,"Refer to Schedule 049, Clause 7",5.jpg,049-1.m (>180.0m),Tad Knaggs,0.038071412,6.11E-05,144.619708,-36.872433
0,0,Eppalock Lake,49,Geomatic Technologies,VicMap,Speed Restriction,5 Knots,7,3/6/2013,,19,,Speed Restriction (5 Knots),,1,,,"Refer to Schedule 049, Clause 7",5.jpg,049-1.n.i (>180.0m),Tad Knaggs,0.002374864,3.49E-07,144.504388,-36.867231
0,0,Eppalock Lake,49,Geomatic Technologies,VicMap,Speed Restriction,5 Knots,7,3/6/2013,,19,,Speed Restriction (5 Knots),,1,,,"Refer to Schedule 049, Clause 7",5.jpg,049-1.n.ii (>180.0m),Tad Knaggs,0.002012002,2.27E-07,144.500975,-36.884164
0,0,Eppalock Lake,49,Geomatic Technologies,VicMap,Speed Restriction,5 Knots,7,3/6/2013,,19,,Speed Restriction (5 Knots),,1,,,"Refer to Schedule 049, Clause 7",5.jpg,049-1.n.iii (>180.0m),Tad Knaggs,0.002138965,2.66E-07,144.513383,-36.875869
0,0,Eppalock Lake,49,Geomatic Technologies,VicMap,Speed Restriction,5 Knots,7,3/6/2013,,19,,Speed Restriction (5 Knots),,1,,,"Refer to Schedule 049, Clause 7",5.jpg,049-1.n.iv (>180.0m),Tad Knaggs,0.002800055,4.51E-07,144.535222,-36.92325
0,0,Eppalock Lake,49,Geomatic Technologies,VicMap,Speed Restriction,5 Knots,7,3/6/2013,,19,,Speed Restriction (5 Knots),,1,,,"Refer to Schedule 049, Clause 7",5.jpg,049-1.n.v (>180.0m),Tad Knaggs,0.002737556,4.38E-07,144.548921,-36.935701
0,0,Eppalock Lake,49,Geomatic Technologies,VicMap,Speed Restriction,5 Knots,7,3/6/2013,,19,,Speed Restriction (5 Knots),,1,,,"Refer to Schedule 049, Clause 7",5.jpg,049-1.n.vi (>180.0m),Tad Knaggs,0.00211052,2.59E-07,144.60605,-36.871615
0,0,Eppalock Lake,49,Geomatic Technologies,VicMap,Speed Restriction,5 Knots,7,3/6/2013,,19,,Speed Restriction (5 Knots),,1,,,"Refer to Schedule 049, Clause 7",5.jpg,049-1.n.vii (>180.0m),Tad Knaggs,0.002140028,2.72E-07,144.591866,-36.87431
0,0,Eppalock Lake,49,Geomatic Technologies,VicMap,Speed Restriction,5 Knots,7,3/6/2013,,19,,Speed Restriction (5 Knots),,1,,,"Refer to Schedule 049, Clause 7",5.jpg,049-1.n.viii (>180.0m),Tad Knaggs,0.002325661,3.17E-07,144.539843,-36.858407
